token,image_sha256
1,bb9ac740a29f55c62428206c3abfea70d0137d363f79c2a6ff3e2a0551f89eb3
2,f7baa43c6bf319c9a5e722f1321e045103b97b41db3778056ec520c03608a3f9
3,3cafe0ebb315b9f1503f1638f5ed4290b04e847f4d89bd71dc1656924c212195
4,d37a77165c565a2b17f6da5803263783707a0129ff69090970e81e61597b66e3
5,cda1b3f468124aff2c510f0b0a4c46b38132c137db1bb9100c85fc83c364a702
6,66956995a24575b03b083c224da0af043ba0069ab61e6afb20b9da4ee6cbd9e0
7,cf29b9e0cf3fd11ad5e6a4ffebac8612a57890fcc689bc6daff54cc3026c3c94
8,d99e5429be905a61c798c709052c28c6a5bc1da32704db43b6b95eb0cdb8176d
9,4eaa773820c3fc62eb79be5a0f72ebe1656a3afa470fbc5996d8567514392ae6
10,96cfe4726c77ef01f0d62b4b8c81f0651b43f136909d0092447b6b19cc6e5ad8
11,da1304c339d416e07290b4d63ba4c364739183aeb02e1692959e57eb2e66f8b6
12,f6524288e785e43416a0f6e1303fa135a1136d67bef619741329de9e1502ad40
13,41198f864affb14b2f1429c694e32b2b57a8c34cf09d81d49be7e98e22b6b748
14,8d960bb1d51ce0334fb4e6e05ad4b4a41822660409809bf81d7eab611882ad00
15,e2e0811b64173bcd77bc3eb93697b14efe5b4da40e69ae61d9c93e56818acdfe
16,598db03adbc4bc7118a0d0fe32887e2829fb71a8ae7eb941c46794fe26e601b2
17,277c30d9f17b746eba129c9da42b5876e0bb190bde7ad9475ad14719e4ee8068
18,4a05bccf7c8c7b99f3f31f675a6cfd30522a920a0cd3edc2d4f8a6b1209fe1c9
19,b80d365130d5523fa6d22eeca5ff0b8d22ce1db9993ffef3c3c76d0b0395711b
20,aa04b40f20962d3942de3e673541ff041171d70deb97860453b75373cd9ed2f9
21,418ed08153373ec704dbcc50dccb3f8eaaa54f25e07a03d4f7b22baaa11b4f43
22,b82d43c37c705cf4c3562d58c5334b69a301cd13d27ad9ebca747aded8f283eb
23,b5c6d15e582e07aeca696c67eb4681e47e4ecfa4c9da50d44bcaf8701afdeed5
24,f7515330e0ff994d55d048072c7e13d95553a2d5a098fe9ccebfa61215bace3b
25,2af1e1f6ad6376a8b5cdb36638755f6f049a2fea6c3819fadb89279c52668ebd
26,0b43d1e7cee20fe88962d964ebecd47de65693e9a4ca7b3f9adde2453dd68b80
27,3d363a9b1e886bb9df641b0ecfe51c6ab0143c85423d4598a888edf45f29b420
28,063599e6d878a7281bc118e7ae85611cee1438e1f2b2bb610774b0ac9edbc62a
29,9377b5d09a9540d0cc32bf1d36f67a5aef047ed2c61734c0baf66fb4a52595cf
30,b2f2514a3bf7f885f82c02aea218accee129cbff0620d59fabced0cb51d6d5de
31,53140d16a7f14073334c62e66d68c36956883e78813a52b5a9f98f7a94d5cb8c
32,a9c978550cbcaa743ddff084d45086712d51daec5e33aecad6afe934ebdaa3ef
33,b43ed2520d363cbd7b63dc7260e8afeba21871e7e0546eb64c9a7857ffc96ef8
34,1f3bd53d9260e2bbeb2d4f700a94d0cc944452e8de17824f1ac97279a094a9f2
35,bfa4e48e9caeae0a5a59de30be5b9aa9fd08343aff1a59ae4aff532ce2063dc1
36,f5fa24dd33f82a373ca7d7d2addb65b01f031a564237a2497650b673ffbb6424
37,71a48e9bc8aa917e81be890da99374355a48db9c9a990d3db9805c1206c8f344
38,9618aa0be66c5c3ee65c2ddc96122733c3e7af7ab5e0e5d0bfb8771bb36ac094
39,48442999b51a304e840059fa9027ac17976aa3c3a61ebd8152b8bcc541dcf499
40,9bcfb96f2b758dc24e576b764c7161c0e9e264b0ea6ee34814192da0b6d90ede
41,74f0844c1c6bd588b1a3e1a521dee4e41197ff0de614a26ba2190c0e75133c92
42,252cd28faaf303fa29978f0127327bcdf5d0011a1399ad67fc56b0331057ca82
43,98120e37676b9d03d2c10e979ab7ba95f864a5ac1895cd57ae4b1b72e9602920
44,5376629e19b7feafd79904fd7e546c37b1ad7ecb2db0e7798083c0f6c868caa3
45,69b2ea665be385ce689e88548358f3c7dd8b56dfd80daf19a4b44dc4b5da33e8
46,49b0247e15c7c3f6ca012f3dec55c7f30dcb0f86111b8732c6067155c8acb52e
47,47ec3f0edc10e0af460cd9d152f5b3c764a0ceaaf64bdd26cd9faf80799ba782
48,4038ffc5daf6c3de9d261017e1846a8d22730e39b03af233261f33065bc09c4e
49,4760adc29c349e17dab13b6e8f248d22800c6289647f41d67a195681755142b5
50,f2549d270b85115db6ad7e0ec4fbfac7a9bb24e965c42f694afa10f09398abd5
51,c2e5f0ebcf82f15c0f8476a827bb6876c39026d877517141bde070ee6427584c
52,2ecd1c353fdfe2592ade492fc3aa978fdbed76de9681637308b6b90b7e05ffb1
53,6b87e2d2424310f9c8e92de4e3ec8421983b624c14ce45b4091016c59ae4d215
54,5402dbbde3f8004da2d04158fb2b714d8255f1baf8cea99a3dbe531f90f4c5af
55,824f5010ff4e07284dee86e7da8293ead9fd47090fdb260e6bcbb500bf8fb0a8
56,e259b002420022854baaaed78c2d92480ee0212fb44650888f8f7a1b8b772030
57,6c7d8d7f3c9bccf80198d6f02cca57ab3ee0eb93b19a4cb89979041384544496
58,bd3af848b74988e6e5b4b7ba3cf5c7ea6989d1b5f5e73e67960825ef6c8ab11d
59,1c8b037d319757e8278bb46c45a7728ba6b1f22e6a0a92596f719855c36d577b
60,39af6ba0d6eb9c196a9071b9453b318381cb321505c1db4757529aca3d233510
61,bc718f1befbac26dfdb96dba8b52bb34ecd9ac564a3a978f9bda3a75449c2a6e
62,bd6363070067649e4645f987c85501b05e606432b964f0aec6006b0a9e5ffc1c
63,97c791f24ccf9ff4eca29959e33c07920a9880d41e41dfc682ce766fa74ffbd2
64,48ba5fa7447ef8cdca9431248a8538fdcc1ac4cd13c009f7b45b886f363cf4f4
65,8d39f5881973217420db2f057f871217d40c1171fe41491d981942f0303b6f10
66,73e320fe743221494f3377a1bc91b26686f5687ea30b200f1d5173786c843384
67,96e336d55fc52b20108edabfea3cd5d1b7b894496bae19838d4366b0f0a5e636
68,ad06d4a8cba4ea0de29d876f8e5e34d7e1b0b76370d586e4b2caa206b13e4368
69,e504547bbca5b8c3640a7ab3fcea5a80e590642d0375220c5e54f0aa5849c131
70,9b2a2bdbe41b1f9a01d9ba7404c7d90eece44189b9d8c14d954d3f387bb3ca7f
71,f84613e48a09a564ee3f496be729b4b687d7503ce3da38a825c265576c182ec5
72,cdfbb6d7aeed4c5b9785fdff698c24286ec9ae1a119cd22dfa36fc474977ab7a
73,78811756983230ee9a4ebf3878ffd8b9e5707717e58d30503d8eb8fea085e189
74,4ba03a539329b9dc709a799b8e294ef2251ed026f9c7c2dada575ea2e9ac52a2
75,4fdc972ca7fcf304d5a247453e6750fae869e4119ed23ce547ac82c6659ca4f0
76,6afd5e81fb3bda20d7bb08522c26a502c709d4762aec2f954eb70ad01099d9ef
77,10ed4306f2534e61cb5e7f64af27f9223d2e9fac51f42661abf640f81c13bdca
78,6100ab304f6c11b6f7076fb6bb69921d69290116cdefa7eeb7578e6f4001cd0b
79,e207e54ca680d9a7d930a791b084f059da2bbbdf3ef6f6bc76f6b94674a81923
80,2919c48eda5cfc7e38f3e9600ea9e0d73da1a653c223d756e029be2fea9a1160
81,cfe2a084ea51f0f1de847256845ca212be159fe764b66c135280a0b900ea8636
82,f3e601d925930f82166c714abb21981f2fbf8c33a43edea0c1ad4fd7445eb330
83,91f310e9b270d36dea9f030ba8bb4cdb3e1746ae4d7988128f4acf2b26eb0dd5
84,d0a3f70443e00b806efbc0c79e72e635fdc720944abdcaeaaaaa1191ef078d2c
85,39919af55135eeb4354d3dcb474baf69ee67a3fae87a3417aa92b13fb5750a7c
86,7ef921dee9dd9e2895beb68c832eb6229534df9a1bbd6f587665b1ff8c2c05f4
87,6eb8ccedb14495369c562547874a5c6525f1e26dbec60455f1ebc3ce7c6b2514
88,568a236b8c0703ee9cc37c84d33ed5ab5a862e8968c61d64c33b704421436dfc
89,90325c44ed0b70dbc81513a82cbfbdc3222b30adebe6d4faec621c6a32256eba
90,a429232033af48a5af653ed7c066b7391f2eff8c7e2d3e088031a025ae266c5c
91,a68e053f2492418fb597a29ca600fe0759aa0ca383abb978dcb2bac33d7f550f
92,6c4f45314b89b87e7242627f93310b1ab684dc1157d6b17512fd24cc5f1a216d
93,6265b2654e29269d31a9b46b69fc679bfade652147896c4093ee3bca8b7a2f21
94,ed8a55d13323cc44ccead3a189549a005ce958ef5d619c2a1913507b8520f5df
95,1e3bbd821438342c1697dfa434b4a8bec738d31b38cb57bc5a2c2f89013a12e6
96,9cf3477e36f617157b86db0e0b324cff8293ae65f9219c14a8196e251133178f
97,c508eac333de8c287c6c7167d9f25c131939327c005927615b55f92ab639bc9d
98,bbd51e9d0aa242258e68dd9f3de1422156bb2d76062e8a6d3eafe6ed2edd2edd
99,9cb915b2a7cbfbcbebbb22e4187cc70204a1df9557ff9b661f97e35fe9e02c56
100,c787c643f8fbdf2fc2c8793ca3e4f0fdfd6087720891a3f0793252a7c72832cf
101,0485433f08d565e322d72604d69764d85e70f46da4f4411e10005d3d3467e9ab
102,504408261a9b94d92450d87e82905c690d1db8212062f5fa2737290749a7c23c
103,def55c295e81fc151ec75c62aa638401b96d08aa577717880c4454b3e77d8183
104,3657b574313751dce2960f442332b3eae57faabc9da7fdb1d86272369901a15c
105,4f0345f252b381fd5a94222ccc9e396835ee427950e8be7373b768e03c9c175a
106,d40e8a0d3714f162a0533933f60e0bc3772b18d4a4204545ccf563ff363d663d
107,5a91b8338fbcaa480831bbc488662dd71f7c30e81bc475fd990d06c3d6890b05
108,c847b85ed82e063f2c7b014c1d5b08cd3731acf6bcc11e406f8eba920bc12a8e
109,2cf5a7be188477eb28afe84707e5f3308d1e5f75d5b52d3ff7b17818f91d6b5f
110,3c9ad80a34eefcae6766ecb57422dc8aab94a7475e91488d3033a02c11b3448f
111,75a41c2e60ccbf55a7dd2280ed412790a09616988c6efe1d988c01eacaded761
112,ece5d1860f35aa1badf0cd77b8e29229ce44172dad9a0f08724db349b25e6e1d
113,6d03430087643406b15d8eef10c3504d174b87c22253396cbae4558bac0ba58e
114,318684bf15e911b3f7e0da99546f2e4a7f94a67c5bea96d0310d2ed14d1e4b4b
115,8dcb3a10a69c0351e049b0809dccdea8fa49f7d012b89109aadb1231fe01a230
116,d75f5dedccc716679c2552cdf04634c841dfe883a3f3208201ae87f94ee17537
117,553cf87c36d97e67d9dc0a6e9518cec8a6fe17a3046b7996955f81d4c0501bef
118,d5d7d1958adae4b5f9c5ee683def998d37c95aee7af9300d93b1b3a24cb7e770
119,0f6e963d5a39b8646f2aa6a3938355eddccdc1116ff3db82f18eb3e563c24dbf
120,fbbdb59bb7907dc0652ba8bd029e37c46fe07c395de1cb1351852569d6901735
121,758b4e3d6f225ad984c54e78b394d40e377d5ebbca8dd50edd13115720902c5c
122,7b7611de9d494c47b2c79c7ced99b1efdf276962b483862b6567ce2ff5f32db0
123,e942504bdf85e53e67147815c2b7f33b8598aad0a14457120a5371070162448f
124,f234773fc42e4ee3a18c5356b48f7b6821037feb512945c333c6f6a7a0dc7020
125,74a49e05d1df10155c13a6aa5c119c0160cb33e6c62e155baaf82a5f95436d8c
126,432a451fa86d35e58104b14de1184f838e1bb4e730d316794c843f09cb6daa35
127,04e74e0d8989ac5fba9449d69e11580d655041d7c83ce42c3960ce71758414bc
128,c106e90223307c17dced54c69f9cdc1870cedd4610cb9af0485f8dacae1ccd29
129,5bc4bc00d9c321f6d9132dea7b66e8ce3d472e13e0b6cbb5f3a798be6ce09caf
130,85e4fe6aac0c9c47a0fb9c175a19bf297fe8fcceedfe68b012b54648d7a656bd
131,808a9ed86463fa06847a8adf2d49fe613d4d534fe86a3b44415e0e36f10f18b2
132,9a17f21dc08063bb6e8e04015f50b90bdd3ba47a3665f0f626064530e0b0f429
133,36c76ce6d7c11a45bb135b889befbe95dd34c9886d7b8bc2e83616c51f01a3a1
134,c846faba8c6f3061704b8bcc7ab9d298cde51bcb10e8d433e67a8f59b187d3db
135,931d183d8d397c03744e846bef05ab3250c7dc5d26dfc009c61a68d604a6d0b2
136,8386430b96e77ec21525fd2abbcc380acd06d4917cc42e499306ef3c8c184692
137,3499dd568a136400202f3d0e01d792e2cc1dd08d24500518ec9d669f067530da
138,669812956b39bfed61d548d3b0de22f782301d2ad055df8a75b658a996beeade
139,c29d495a7b57b493b263cd9f36833d3924e09c9b92c7e07e0e93be4282bd64a1
140,b4cd8e4fd70763fb58adaa8b38c8f68b011352c2c997f7732cd3788e6ff23313
141,865671a6c4c227900bf7f1c54ed28edcdf689635f51f0e2da5997e2819c4d9f8
142,b6c203b944e522726e7154662bb4f552907853ceeca4bd2f0114f60dca8ece0b
143,a8bb1f75a2efcacfea6bde95e55b4e8db9930ee227c6ee2a2ee9b6e8dd3f6c75
144,678aa2ab02db649ceb60196fa8a7828f29fc6465f372e6abeaa0361834913585
145,6123690c9546442c49d09425843e0d5852603475574e97f73ca861524d521cf7
146,7661cfe61ed9429cf3c74931d53dc0a4dacb73c842e81e5abb95404692438345
147,4c6c824b25d2281cda8e62bbc43672f3777721d028a14672972bdf1ddaecdec4
148,779592eedf234266392f3f7e6f0efe2b4158a479e255fd1a00c641e4f1fbe6fd
149,9b831a5c4b552810d880c7427b68d97e92db8e8f78fc853123d42cd2a0e8927e
150,94e78908e93134763e111f253df914893bff0d60434e3c304e8321eac70cd81a
151,dd97aa6003d47ff7e26c88d48b16cf842deaec68c5397ae8e75be5df23c7c81f
152,6dbc0973ad854d2f10d60807ef33df7f27833a1067a653b0cc80da3821951814
153,98d93878b3a19ab488a1c3e82b52f802580fdb57bdaaf7f1b985b8b57f7ef23e
154,ca10de6036faea5aaa8bc2eb4d0ec354ab6d893d04356e59c98adfdd8cde8ea6
155,92f16d981ad20ece73368ba362fb26342f343f2bb9aa43231881e8a44f5cbd75
156,cebb11e9c85ef91259a6699317de0921aa28588f15e832864aea6f9b3204f619
157,d19aca33d25eb4ea5bd0fe6698369eae0bd81e5016337a483139b2372d03a342
158,0d7b7f90bd7b40e5eb728f4203e539d6f93af3819dc8b657b9a1dd24f8df3d86
159,b5e178c29c4b8bc057b8d9eabe0156d7f29ff5e6090d42a701c4de6a172362ed
160,35d16850575b2efefd61ff9e58abb3ea47aad0034f88f6498a9904b8ee8de896
161,edcb64960301fa0a15a3f3999516e8bd62568708e578dd056e081f500ecdb1ef
162,2e39c39a98a8450e1704387f45d95d1a8b7e96f2511cf176f7d2570b8217e050
163,ec17448f75a9784d5c51b24a621a298d934f2afe3ca7b5fa036be8e658119405
164,3d061f91b07ce78c440f9dc28d02f8013da47aeaa4dc7b62c3312feb609351e2
165,83fb5577ec8c0fe2180d4919fd421d7952f3384d4156b9ff9fb4b78a93870bab
166,cf59bfe3595cfe91c66cf2d79317516630f722e33920d977ce87a366672d0664
167,e35ee42fb5f09918bd198d90231b9370e97ab13f61c1212b12d5aab3fc7f5f66
168,a0656ab4426fc630a6541cb766619c42754df4b5258f9d157f8e65e6674812ac
169,a53f9dd850d60bf6e5c27573a097e425a7ae8352c6a4cb75780b1c1d97895fc0
170,0a04786885d152c7f50ee51660143cfe4b7864360119a5e270bdb3cedae560db
171,5d237640b7ba7a016d4084c7fb8f976c303d4e7e4fed146a05907a5551d80d2f
172,42385f2d6ebf237343029a33d8458896a89ab16d9849af79779b3c447c28b0d6
173,22b9f94fc6a2b67cb5a40db4281e42344be6369c09db83ac4aa8049bb691262f
174,3d7baac9403f31d456ff8fa6ee640df20ee41d8d0dfa9453d96a52b1dbaa89ea
175,24e94f9b0074367911ca7385577e31194f9c2f3cca961b681f88e0f194577e88
176,31d1b998ed1928c534f800527c7cb3e2afc0fa8ebea47cb455ef3a231865db5e
177,d3740c532e940e3e52cf88799907ac83983fa6a4289106331f2cbde766eb80f9
178,9905cc46a05bf73d3c97d35c3a4e810b6d4a68182032c22d8f7d803ed765aead
179,c09116541943871083a722d231f87d6327054d1d92b7e6eb5a8cd8680e927d9f
180,33ec102584cbd201880fe0b125139ffd6ff9a765e913ac10c7d418880124d864
181,a3526595d1b5557545862b60effe5ba33021dc2ce94660d88502028d5b172b72
182,6c6e8c8de635ece4aea033624f6ff8bf51f9760f6f78aa949686f153d38b4000
183,6b15fb11aac884d0b707defede2c6aa06419bc5fbdfb4aedfa0b043b8509baa5
184,c8f1ff0a43b8ddca88d2dc05e9a72dd116ee3c6b2409678afe33d7a620036596
185,f918b79f2fdcbae2bb68cf3b42782b2490faa48f3162572856048991f97df734
186,8bc11cc3abb36f219056540c244f6ddb327ca1e69726f3c413562006be8d25f2
187,a114c39e09125a977c8b03f5b386d25ba1cb0fbedf1527ffc7fc995796a3a59f
188,7cb001b72f293841bbeeb5fd7633ef4514c62297676ffa6020fcdd36972430a3
189,6f435176a50cd0099bfdab9d868cff034af6d4717c5bb2e033b8593a3c5a4cc4
190,00f5d1d6cddcaabb932fe4afab4036ebe562481f76c436b744588e2f46bed45a
191,e2184b298c027ddcbe6c48fd4ac3d80b776c454b1d8d9694bdfa580fca5a3dd4
192,2b4d72699e99278d1de81dba910c2f86792edb674e847f7f96f77c9874c065be
193,e2e13f2871b12e78ff9042abfbfbbdc5dd392bed202ea1112ea2585fb8cffc41
194,a4f2d21b5dec1e5a42fd5ee16cd2cd4bbc6feae854035fe10f3c673ac21d2c1a
195,0601c6a6a338c1f53d288913f7ac6dc28e0e2c35e54eb1bf2a8c00b3e3565ac0
196,86c9a3c2f9135a5ffa38ca1f7836333307e6dc6f71f7fd6146e08e9e1dbb2773
197,ee7c60a90c33953acb14012da6057dd23ebb8978f5540334abced24e7eadd924
198,3c0853cd532d4fb87f6f940df58760dc6e50921cc1234daa5d3e22122286d007
199,e3afe76f3532d367c3307a189925e874c5d0d853a9a7ec081cb3244c3b5ce793
200,9a8b55812dabc2f35b69a58c9d819ff2e3cd60c0c90c782fc5b3b0c35dc85e74
201,3eb0cfecf4a9544cf57f19eaa9b9690fcd1ed96b74a83486903ce9565fb98f05
202,f0e28ddcaecf3340bf0e7d259658e378d2762fc7a9f0503699b39904164c44db
203,6ced45f5fbeb6169e64515f916a6ab08d27eec3be65f9d35e2a816b044cb0aaf
204,0cac4c5e7305fe753a3a7adb84ba52e0bbabbda538abb04c4e2f331fce53dc49
205,edd8e4220efba274280544165f00b6180e77eb8d4c75fef9fe3b9280bcb7794e
206,6bad7d0de97bf1fa82c5e0558292f7089899d3d9454bf411792ef6e16e16d9d2
207,d868cf3552fd9c40efb3fd37c738da8ae33b9032c2f344bff8507cbcbe87c8f7
208,f7ab5ec28dfa12cdc962a0e6f0b7488fd28812eea4d6a3af41adf7456902ee82
209,3e663adbfbe164981a2885190cf439c6e7cb3b04cc709d5b94c15ca93abae4ee
210,df13d686c1159f4ba765281cd6e3c5e01babe344148380367bf3781373a34229
211,7217c5422d1ee4e6a86f4c39c97fa3110cdf65a7a58d1dd93028c9a46e93c422
212,7834307206151535428f829ed0ccb6aa4fb409dd5c8e50ddc06cf6d110f9ba22
213,7e6e1b07b82675817ea4b28751162c5920c265eca13e90306170a3b6b7deb66f
214,834f4d3e504f7fb97663a9d8dd2e3d34a3632d3ec43b3588472cab0305fe2aa0
215,a3f02b2e4ac32a6b97e9a48575ac97f67d5a9fcd087673f0f67bf667c9d0ecfe
216,cbc0406741d65e3385781bf08ab265840dc7188aeeb1d008ae57f8c210dec37b
217,79fed4d79761e22da55e45c9eff47f9650bca1cb29681d8a3ba6d165ee53c43a
218,703d00cb8b816fac0b9b119c4579c89e7a2e25c7521e2ed9edb4c791b8875255
219,fd0de87945b29534766068662ffba68144b14574f9fe77725b99b44445fed587
220,6eb85b53dacc4b524278c15e9a57466e2411c5326e0c8df10eac91f1078af01c
221,5e7d5167e9d96c0ac817abbf3a0f1e2427e6d4627e89f5067fa8a626c3a53d94
222,80e210b8325c5d60af3a0a52e58d34c6f8bb981ca8b176b6bbbcef4d6b9b77b9
223,1f3498b6bf888403bad78d7a904fe167201133088568c759db05bb9a40a5992a
224,63e8fc4919922171a4c2c6da2a65ea9d87aeaf5b0cacc51e0251539f7e85cd9f
225,40619d31462957856e718734b5fd583f198958836ec1f32fb40dc4d9d20df36c
226,adf919482808002fc762e9aa89daf919f4e49e753fcb0e8cb71e865419eb02c1
227,fab7f1fd6e22ddbfb1722615b3874a3b1dab8eeb48bdf89bbd1f4666a2486982
228,6e4d7df036fd661bdf55f1384560c372006493703082002ece185b371fa0eee7
229,46d20fcf2c0508ba059c31b3d2b500a60c550a10adb87999e94b90a44f1891c8
230,3172b7ef1920a8d1e8024d9f94c2d9d8a32a7649535181953ac76f02181a71aa
231,8ac5090168ad9190a7a6d230e19f64d1accf43e935c09018f2455a275103d476
232,ab7cb364126436d3f8526312b65ba8ca317755eec739cf892fbe02412009a9c6
233,e1516facc6e34715ab1ffaf08a16c08aef9e19be5ba0af304043a7851a7346a2
234,8b1e88d1ac5d548b93a57b62be98021ed6b1d1b95c3192711970570d78796387
235,a5f1b7d7e6745e622e1024d8b00c08d7b75040e88833bf4e5f11652728d1b030
236,9ef7d87aca6ba9741ee17cc1f05ebeb7037ae94391d102797c0b6f2cd34815b7
237,cad794723f69eb1715ce719e1470a14ac4063476fe2bfaaef08b80af1b655b10
238,26578ab04a6cd7716558e1137b4c6868883777b5ab8f6d105e7a893e38765aa2
239,141575c4ad36ab9535ef6bcf5f87bf61f885ec5f6d04b69442f3370ba7892259
240,656082d84acc36fbb8e9ab34241a199d4e665e83edf3678214bc9ce3e6426d37
241,4f2e54b02cbbd1d80c7b81f0a94658a61d775826f724ff69781cfd6a1d3107aa
242,872f1d40f46781c6247cf1754834da5a106aad1bf20e717d595b0d61f3ac4bb7
243,01b380bd7ba527430f027681bf3cdb9e5d8a8c335a8a822022fdc0b70ba256bd
244,42cdc062c09ff7c8a98e2898b8326e793d0cc9d34805e1639418f54ed92594d3
245,6bea8940ca5550165707f60e81086c0fbc646950cf53f034cbeadd03d35ea30c
246,959baa7189f0a296128f3d6cdb5babb25abcc3df277aa032fdeb1a1e7962060c
247,c2e580fddaed37f8f7cdf64a3942bcc90e36b0c399aed1d27867a9ef712a1e88
248,e132dbaf34bd032318a4532cbcb60f416bde448845e19f4930beb58c64cbc5e3
249,6d66c592ce2c04b9b9b45a89612b1c4c7bc1f4a4e4058d88ec481353bd91d80b
250,17c7e9465371d8500230f4160ae839ac53cc45f52bc442ae76c20faf0cbfdade
251,9d5e07b23bf6382216b4b4bdc8f3703d699056a796b4caeb6f9ea489181ffc63
252,87c1cfb64fc476053538ad4b1b3a49df1ea581dade7da1f3ea68b87a347b8e90
253,f249c4459b2b92166953fc562c6b6ea86b06c85862da56c23d8c6b4858d1e0fc
254,edb2cdf0dfb9f992e7932365d184f7d213e9df18925d0c594966849c9e003f43
255,69c0b72f5219c2d5966ec06ff1dac9410cde2e823d1893d8e726d0481ca75015
256,9f426d55388c4cb4de87fb717125db5e007f00bf5dee5da91ab2d7a81799f14f
257,d98c90c81dd77f3373d121451bbd96b9d159c654180ab97064c92b996556a589
258,d8c754d12609e58726e88b304b2dacb5caf4e9d5fbf498590aa547241483f0a3
259,e32d5ecb11581363b6c8a337778154e87feb0f7c0352ded30c81d89b76e5cd50
260,02b8369e4f77982995da2cc6663cda442e0b5e8960b32ea6846e032ce653c3f7
261,2d474307a64c6f6949d810acc87cc2f7a72343ed561954226905041513fdc531
262,4f8ef60d434af54e3bfe6ce968ecc9f330b68a612ae250fea0619ba7ae44dccc
263,6b6180301ff437cd5a760c27886599ad8eeec9b06d2c4510410c8fede87c8cbb
264,85b7c27149bec8b19af71f2d682b2b72fed31c1935bf1a7579c8691c8a293361
265,d3757e1c743539a702a4ac2d3ed4f9906676214fa4d43bb888f021386c240170
266,15b91767507d34850aae24fa71a69cc369d41d7494ef17e8a04ccc8f2d1c21b7
267,006d5f8eacead0db67f71a9249a0f5ab639f88eabb262ebc1c5dae73c8e6207b
268,3be5cea185eacf578109ec1d847a76a4305e2c0c7ef5523a31fbb2dee284c905
269,030f482355467f3c8f1c8ba2cb9cddf7c170a9b3c219997143d021f264053d5b
270,673d8b857be1d2292a2255fb88618ca00d4d7524c82939db7819c907a88f8c44
271,016530885f32652326beb5047eeff445e465ab29e484d089b2cdcd5e53056283
272,9cda1bddc13e80919bb36ad45c791963fc88c23533003b87b66ca9071ea46168
273,508104d39b2f1db2177b60e77faef4b0524bd49f82d7adf09124cc9771ff8457
274,7df6b31e3552c0eb4f38a2652320a9214e36b5e642555b25644a369c5de5dfe4
275,ef782fd176b163e7fbb31059da6f145b857be7006eab8a560d5433f7ba049f83
276,c7c70c15df81a513af7edfc54ed42c64159e3a8144f290ae2da8edef9fc1cff8
277,900f32d9b2893f6e61fbca67a547a96c0d3fd689c019fe9dd848ac96b8ce65cc
278,d506ccd73f4f6b5911452fbdb66b13d52df01492cb964e9f3841ae3fd02dbef1
279,df153e86984ac7662cd256ca3129cebe0f7a51d5866d5b3d59f6b913a7bf2dc4
280,0cccedbde67f447d611f285c3b16462f1cc5de8303d754c81bc452fcdc675288
281,e9b6caa3dca3c607c8945a66dd38904dc3ad753a88752c0e9de084e818a7d3f2
282,630a07e42ad1eaec3f61e50180b95372031b4a27be584215e67167fde4a004a7
283,ac30270c11bce3450f04bd21d3f7b7dbf20477936d6db0ca5f871ef625553439
284,e8fe2efac46efb32b0d5d49551ad04234a4d329b0d69027bc002539351e9027e
285,b70560bf9e342de9324f62ee4c774c705ea83cee6e1f1553956960c3bcb7a11a
286,6c3e495fff43cfb09a4134ad545e85b10b4dcc194e6b4e829fe239befd0f8aac
287,c0662805a5740f7034b8346c0c605b11f3b26f0b23bb5f9538233930382a6459
288,d6ee3ee59262869ad15d00f29b206297d8770a46d1b43e184db7ac0efb423f3b
289,34c9a9bac0371e6c46771f9009dd7ff31259c784794d3e4774ee1cd5adcf55c9
290,2971117684d7056921cc6e09e5e858ed50351d081c08b92cc001964bff4fbc24
291,b1a4eb15f16cf81e53a8a4b3b5aa1e6cbb75aa0f33b77f147035c2a3163cc41f
292,8e2dfcc3d38e87f9941d961c3a150312da8ae2f05899341f4c5851827cff8fbc
293,ed5fc1d33b9feddc204af5c1fd862bafdedc2f76ba48f8b92a33e5ead2cc0c67
294,7d46f462f672605ac24eca21e2ed6d0dedcc74857c1ebdec90840fb00e977339
295,c1efa322bb51727e2b5445de69817f298572689a91692c302f136c6a34e7e718
296,bedac48d707fd8f85303a007a394a1a9aad6b999fad9d233baceb3025199e5b9
297,14cceb94028e47a6e1505fd130a321ddd3fc60cd623dee511069de4d7e7b0019
298,2850ad0d44d75deae0dc86bdde7f9da3c2beb4f5679af3f53c132c61e6533b45
299,b0495a4751592c83b3b4915555860f823866c32979e80691cb6b08d1a44fb981
300,19f4c0bf8555ae2b3849776f736876e1508eef8a3f734b7961c3b5dd2657db88
301,c77ec5f4cb80afb3c827ef5315710fdd2931c73bc960c64edf92469356a55b24
302,0fd85f68e141e90120a3078a45e3caba370431b47fec432bef5fe45afc93580f
303,ae62581215f8af8be06fd877340d766053a2d88b6ad0220e66d51ecf1e308835
304,667774357569b76b0df395895576716e4d4507ba3fb50d47829c466416a330e7
305,72ee9ee496b04e069fab2490aacfa3a2d4ae0d147aa9b65762dca3b559d4199b
306,5b14541fbc23ea499e2f13e7e552ed7ae8ad9727d63ef934e80f1b21b4851856
307,d1e3cdfb86338cead569251fe3536098efe854a0f55134f831edb693a7488b2c
308,9e6ea6a691761a0818c3b1d1ac58ef9c6ed500199737b36f08d98234551d86af
309,9ae2ba137c239d784faadc0311eb5567c8394990ac31476e77aba4e783ace649
310,4ebdb6eee9b2358cd23b7a958f61537b15cf9dd5e9b45468817667033109228b
311,56ea1b76ef75c80f731efec236b461a72f1d7105ecb0bfca30d64d528a0eb389
312,a068e7767bfea51ca9868e7926e848bd4631b6eeed2c0f863f1f8de192a8ea8c
313,e297a5d718ce0c61add2d32db7d854fbe5570760f54196927ecd1c0ddb54cf13
314,ec610903b6c4da557f4bcb074f3efa55a68780a37293b501e8ee270d0c87fa37
315,8b6c75ca4b916a34ada54864239af19b129558de8f25b84e5167ff2d5a4ed462
316,98b89f88245d94e09aed644ec4d9284d96a5307d6ec9a7b4442e60c7ed2c8c74
317,0c405daa5295af370f97901993255ec7defc85842b61a1cc572c03fab374dc1f
318,1a5d7b6c6195fcc63302cdf60424eb5ace1ada687519bfbf6aa6a8ea4066f2cd
319,98751a9e58285f6f500a0ddb72580e13c256b89833769c6dd05a496243ae8ad3
320,b62f97e451cee9a990933493d94c941b5138aeb25ea20e23b5be83465f1b2d0a
321,9668bd67c7bada41d3c187840e3fd671b77d079bd1971bed70376f9b5c8fe128
322,e3a92129854acf4a318dfe594d4270a4dea2963e536b16d40966136e52049d05
323,992b82fd3410504e8bba6fed78c47782ad65268c73ce2353372a1f02ce39abb6
324,35291142831cc105ae76760317bfacea09c96cf3706c7d592b9b67bbdefc9d31
325,5a9e9ccf3449ace08243fbef3a17687788e52b65aa8b248f33057b74dcf1d501
326,cb45a2b794c554ab4cf5672534e638653ea28b30d07e48d54810a6ca0e1c3d74
327,90bd6e37b32328563be0ac1784d0eaa94a562bcc609b2d44230025a02f46c4a1
328,8ed85f92c5df33058c0d82e84750190e1e9fa0d9cb12e2661c54c9b4c2ee179e
329,ac7c19d169e64658ecd99ad9f612d236ceb8527138e817ab203bf46c2552078a
330,27308d6b249465f39eabcbba77d1b13c5c81e6dbd9d588277153c290a4b67919
331,1cc8a26bdf7d7ddc39ec51510948c138bbaa94cb168ad849bc12ee7a2cb16ddf
332,8ca8b0ba036cf5b5a03d63d05cd015bbc8efc056374a3a582693408cf871dfb0
333,3c52e94e2d76988f3672f10146008f14dc716c6dcbb87b81472d47ff32d08805
334,610d6737d97b248c21dc191a1956b0819344354748cf5ff5bc22d4b9ea6462f2
335,a933855ea990bac1c1e7d01f562621e4828361e2023950fb6b005f4b31bb49dd
336,66dc0b1929f7ceadfa20a9be34865cbf11f9cc58fc5abe7a5c6e653b98518eec
337,1ccca7ff42c7ade47e60aa671766d2bf33a6e0f7f9259399b812124b5b8ab6f7
338,ff4d6e9142aa2be9cfc30ab7022f0913546f341806cfe76e88b47fa0ba9950c0
339,81890a4c2349baa8f05ce42825873d4a50519f0bc467d7492b00580e6aef1d5b
340,6427a07659a731c1089f33b6fb7755edf9981babfa55182ae28bc1114acc0a48
341,0788e204baf81ec9616276b0cc60fde274e16dc443301f3062ca1141c15474b3
342,0ea7934360a4d67a3ae110a02d5741ee0e106c8decd0c93c68f2c2d04625466b
343,16651007c485f258ee0eacc80c76c37e6c8a449c4ae4bacb5d1628f17fb1b421
344,a02d556bcf89eb9129c10e598e6b65fd35bca90c4d6b723db3e47709546bb09c
345,5650252836e47308e929d83059884a4c50ca7ebdaeba61abdec3180b583a72e7
346,c83aa3745fb66533605a6d0061905f4cb420e54626fcc69ee925407420645dd7
347,51d41fcd4ad9488703138aad7a0e45b23bd0aeef46a5d30699d05de8e8b267aa
348,a5c8079586a724428856e45b9534c7a95252236c712c8d8657eac27dc9688c4e
349,dcdafa307277beee1b4de0dffb495b43daf63c585b52751ac22a6d6dbc6dc244
350,a7482defcfb09a367d62fcfda75b71e7d2411f6fea79045abd14d05b1ed11e10
351,1ea0826a74b7a8b334f3de50e44f0ea18cc69bc6a5af94632cd32a8a4793de49
352,185d5ec52786b10320ddc6c646fb8b6c1a7ccac78cbbeeff95c97327db948749
353,737c5ba2eee0b365d5bdc8cd2c63a179ab20ce4b2d496efe8073b6169510ada1
354,404f1d4d183459ec8b744d9a28069629c3f74256f4856af21a19c997a2eadd3a
355,a275041b12380f5b6e41ff07a420f19ff7825ced312522577020a0801347bc52
356,4326097067e8533757a1448a7073f66ccdd2ec1bc8b509d8afcbea70a8764cfa
357,1259a17c678b4b480be04b7657d5b58526b33936097c0fdaedcd39f41e255d78
358,11f0a80aa8df79b4e0bc94e8cda883da7cf6d0a16cc6774f6bc42d4ef0b287b3
359,b2bf5471312f00c7cca7ab3a1ef17a8b1c10e4f53927b9b72cf84bcc49ca499c
360,c8c21370a485a5b8a0c727a9b05d099185b3c7ffb51642beb3de8248cfc06fef
361,af68565aba02d3b6ca063bb30bac4c9e80c3da61bd62384b251981cff76bc0d0
362,f9b3baf0d3600ec7a444d4a540e79ca3ee92bbae8849a012d3b18ea9091ac6bc
363,a3d38fa300da9e5d74193da5d38152e77d152e4001f65af7e021ede2876b7836
364,171e0616cd95c7ee24a197604aa78ba5ded388db3a1839df811f205e3533176a
365,d5ea462f155e41f20491438c449e4b2adfc68107230909d5e450cf12507cff70
366,263301420a3d19ceda3b328af30b618a4e8bf17fdf0bf37cd2bd0241bb5d3701
367,c49b379d3980a63df68c599588842a316f76f500dbf10422a301c65ab0975637
368,a9c207a0fba1f2fd54493465616ee0ecf79b18486c5ffbb23925ff41a3494c3f
369,6ffbf6fe4da599447abe8a69ea7b53afa92030f3426e84af5e41665dc3f3b4f4
370,74e874a0b2e26b82720bb95ebbf914cb57dbf9b236b7ddaa3831fa261f316821
371,b9c6e2436413b3f918d3f6bc6258a668994c686bf89a5ad7151db6daed10decf
372,9ee14651cc7f24d55ff95f072635fdc730c3a4f98cbd72488deb1e79338799a7
373,b7ad3dec5688a7d846395e040869688fa213c26be5f5fd1c240656438a062f05
374,7ce4b038264698bc1f94397b6af9919cdf8159a5f94bc33950a2074af0afcb76
375,202fa8a08b3dffbdc6cae0bcdd86ed103d94f059b36b780d732a57705782814e
376,92f520a8f847e59d74e4081c716d128d550c7d648cea7c768fd52b2d1f9bf017
377,64a69c9ad648ffdaac046d7a786ac73595a416d72b9a1b1bdea5a6eb3308e6d8
378,8ea02e8e197a66779e2c0121aff8b37c4a5af3a276f44ca304c7b7508d97052c
379,f4d4ac025392cd6bc1b2b6a9fe098689f7c626b6622dd9ed58a04616f24262a9
380,a50cc528c3717fc1ef3a8506d9510b2a3b865c421d8565ff906b977003e9dc2e
381,e8af0b739d1caf5c09f54ec44f12f08afb50b3044049e9a7f30934bd05000276
382,e216068b63f99d2317d86976fd53daf3330233731f87678215140ab960d48f30
383,9aa2b1231670fc0579d0dd60a29111f9b053a93b9ef47a54507c3bb03b7b0f53
384,61115dbdb0e9567afdb8dc94561d1e3c773a1c3a95c1c72bfe983bb3a3c26af8
385,b3ac4b78ce020c350f7fcfa5b4834fea79b9c99e87a8f7a2b402a847492beec9
386,c98a2314174b9dd6ae26f17837a08db7ccbc87e041894f1828418154f7eee76f
387,b7d056f39241f3dabc9ff68c1e97ee951aa72162468c60ace125d76b1fc3d00e
388,574c8c898607e9f2719c6ddbc7187bd2188234722b456ceba565ed8d36b41898
389,b5d8da499afc9ed92f4879ff24fbfd051f7410f02472a902c3c74fb3051388dc
390,a10ddd75fc4a610795a4bf5abb5988764d8e683059634f54460d11c4300d196c
391,4d67f15848afcca41b48400c0086d4ee6fa6955ab47337f8b54ef2ef1a91975f
392,9120a3b8da1c50971e2454d235603df78adcf9637f4115f6c2551d3a0d2390c3
393,978c0af1e86e47f7920546ddbfe34385bd375fe19ffca6a77dca7d751ed35c6d
394,5d9255cdf43894091e99b94589b8f8f176323cef83a1cc2b87c1cfbb98abd3cb
395,3531ce7894024ea278312dc3bfc77c04e9b544ed59e6c99f96584e7cb472e261
396,626430ef62baaf97bb9433eb25d40c812342c486bc02e914d329e1360915e1ea
397,f13e55a28d32e88d9a337e2b8dd4b242f94353a244b5677bfc91f8698c95e273
398,bedd88cdb5abfc32a22dd3d84c0e295a9700ff25eab67190936427457739c241
399,7f4a13dfd26cd64e6152af992d3c3164745e208be2b8358a97bebf1005bbcd6a
400,690ae6954e0750a614ddb22031e392472c1216bdc8ec8eea7140a9d4bf4241f6
401,4fe7f520fad0a01cdeee1c0e9f799356cf607a6ec7e810b61f7501b1baf299ac
402,a066ff5721ee6b8b31e417d73c134e71bc803487a01de8752a15faf850c115ca
403,2446f27f94220416a763fff166410451cb24a2a529fbcff9115e1830273f18f6
404,8810fab661460dcfa32fa9dedb8ae10928bb4bab04cbd418217bbb8b14473141
405,7e600a265f16d6222cd6e7bfba743a5de1d1e662bfd694152b4ff782e2afe06e
406,4ea0006098e173d05b4a8701bee0c8de9f32f30b5e33d8d506c5a289792d3b85
407,ca1401e591dde26d7fdaf1d50caa8cd1325fd63611fa5684bedec9e43febf5b0
408,58125ed17916e35a33fc55e5b1c2c073036570e7fd565c9746a69a8923f6a7fb
409,453ddc350016f1787613645cad1bf4a9a0c887362d2e8fa8e3097673b31dcb80
410,7a0c6506ae270034bf96c0a255c1701669b7ad093eba68848bfa4e9d6755c2cd
411,493f192aad7e8707f64bf750b65ea1765908b9bc905372ce8d0358e61b1af2e7
412,fae835edcaf93e73d44921ca4d7a107a001233ac43c12fbbdaeee6856d6c74ff
413,f7406a137089d799db8f13f0fb17b766200254c2a4b0dbf85b95bb56efb1a88e
414,6a63b8edf6efb37d99b2d42dac86ea5711ba23d8e08cf3b670abbd23bed51149
415,d994e81f212e3e06ba72527b150c0643409f96976c1b6cb681e3f8b02b2f7082
416,a7b65e4b5c7cc9361947db7d77f19a53ba98218b1af3a9b4bdba0017a23f6a5b
417,749a6bb12d4836a5a17b8a878ca3c8041fa73bd0b363ab576bf429f9e83fc221
418,a328cb35f15363ffa951d7f9d6e05a5d89c87226813b8f9b8cc3d2ffca74f711
419,efcfb1f0421fbd29e0945b2d090ddf58eeac3ebcc8d2f44d95627c24a3c132d7
420,4e034459b9541bee33d0d389957e06bfeceae491f3540b613a71a5111784f001
421,5e87a98f19daffe7829796ce20c31fbf909244551a5bab6349960101cd47b688
422,82df96de061eb0e354f9afbe6482f272e9085754672b759e2cad8c248b5000e4
423,bbc12ed9729c184f7bc672279dbc56bd0c0ad73b532a2bf8563c564577eeee93
424,1cde248183a19ddbb4412a50fde92b637ad8bed23d62a19c9f45c1a61898575b
425,f97c7848b3a7dd60a9be6e13698b68d63c005156bc6c25598e9ecc0c6b937ef8
426,c22de4e6d71109f86adab2e03b4ac45b75a50c99e4c516695d40cff8d2f7730a
427,23f3e62b13ced33d8cba804584cb7d416031120ce078702164abf8120ebafcc8
428,6c86a0e6f8cb81b9ae9be9d7952888518ee75224bd1767b85a21ddd8d443d43c
429,2700199888d2e76dd7365b19dbaa0f12aa0e4186bc8e755d2816a6efa4bc4ab4
430,1c4a55b8505f1df8f1eef1ae6ac9649983d25bc33c26868d2f2c8e922dd0e490
431,fa5f5674cc8391b266daa9ca7e37111b2f72443c43305ced3ea794eaffcbaf1b
432,d63a2cc1ad36fd16666a3d99ea1c88e1a9b27be2d7bc6a5d1fc11bba3d236923
433,afe1aa3e8eb3a5a096880e6dc3b2f05b1c126be017c93bf845aa4583d41cd03a
434,51c5086a96767637065de86cdfceea9f8801b125cce8ca728e22cfdec90c5cac
435,14730faae0403f4129758eacc7a6ac02c918cfdbc2a0441ecf0a4c22ccc65fd1
436,bcf6f80cafa592129f71f71dc5be198fec66fedf70025c4f8af56984865a1da8
437,3fe7dea6039229d2ed3438819c168948ab72b2bfa9ce718b7d1f923427a56ac2
438,0209acb3e66c271c3615853a94f31ae085df16f4252c4fec35a7f2cfa62e34fc
439,2890687a99257cdb6f111bb030bfad394f9e5297549c75cbb87f3925265c223a
440,bfb30d2b108a1d44a0f0e8e5dcaab8085fdea2c84787225733fef0815c92149b
441,89c6b3921a27364348ff018348c6f4086c1981f96bb601fcf0a1a878595f71b9
442,5c52942a1f618f95842974eb91ced481d48c2f9794dd74edca3a136d6411157f
443,2fab79d8af9aa30e92c11dd426b0c03e1001f0f25db4f2d8f07b996d6e76c7b2
444,5054b1d68687d84fd0ed02f098014debb7bccd8fb3434d4218c331690bec99a6
445,4074d7140eff9cd94c9a421d5fded5f8cda03eee4ae34ad6695f2792da6d0d87
446,2540fc1b522b1aa4ac79f02486c0ad2a7c65f44578f8cd2c666bf4350a6220e4
447,7baa65452ef9b99e155fb26a3adc89c6666a15c7ab1926ee79f228358100eff9
448,94c1f12739495cb875fae7118060a3a88b5753a9dd9a10b190f98195374cef86
449,785d35441367638944bc44d22c307b95a141d13349a5d9b18578f6bba8b95635
450,f20d2027caf01c0301390417dadcfb3b05062dd0c6cadf589e11d236799869ca
451,25e9e5e092122e44be365168677151ffa7ba0b888254215125f4f01b1c00b91d
452,c2fe8d2ad546ae2968a9440617132dd302a6c7a6f3897d462f606682a8a33fde
453,12d392693358c017650a55a8ed2e4e7993e08bb4c23ce92ebcb34a7a5a282abe
454,d204071f93925a60b389a3726a1eebe32681772d7e3901624525838bbac95f0a
455,baa0964eb05f336e307f3b6c7e0d0ccb6f5a2589b3fcb67c7ead019274f02abf
456,8312da3ba78ea805b17e25ef4ba51bfc444dd78aa779318bc8a57bf2e3527d6d
457,cc8b7795c24426b0e6fac3d3b791e87f86e1a65795fe917944a3997f66f630fd
458,8f27c5e67cbbbf28ff5413f5bdd7e3f5d200f34c8c0b9c7982e08a35049e8155
459,48da8d02ca7afaa028e1ad5132b9b3b7eb634781d3aaa594c3386c7ba2494de5
460,56e2968342c3b202cd65e1f36c37471ee5fe325de3470c0c1ab7376ec04c20b9
461,b43d60f472dd440c406475b9ef9c94d0700f1442688df73833f1cb91b8fa6fc2
462,8f57af080b3dc991d82b61ed3baaa178b43621f7bcabe4e2477eb616bbeb030c
463,903a34576495d17ca1daf3c27c095b092e85e72d8dc240744efec4a3fbcdc772
464,32c41a60cdb2ce054b2a5856834ebafd9d963b712d2b1276f13a342521c6e601
465,a964abac2d58d0b08d48cbd1a68200347f447497e8979dc22ce9ad08f0633b31
466,ddef50c0b12ff95109003e6015394d8d2784342b9623cf274146f8c82a4afcba
467,4f96d57068172c09b6fb66d4debae5e0d2d14bcdde26d941b444665c947c2557
468,30522a0da52eca3792233c6414136045c4cf92132143250c67707f141b3fea87
469,48cc16254c4abb53797fd024d257ecb6dfa75f6ad53ef360f56f5cf3b691880c
470,7b2852f74f170bfc98f5a887819dff1c8030ec6eb2a74eef7f490c54c8798093
471,fbcd5c53a5a84d7a1b40a47894a4c6405053847d3a56087b382e15d76af279f0
472,bd0c640051aaca0f7552d7ddc70fe129e885f80e2c5ab13c384d3e654efd2190
473,9739def488d935558aabf3be2a2726f2b33fea18b2b6920adfc6e82e10c060d8
474,e2e7cc8f83a1737bc5270af7126328fe0dee57e2925c9847b755fb7dbbcee805
475,8c4e876f9da6e4946762442d33461415a7d738412ab4cbaa4f0f36bb410ed1d6
476,a2a7edbeff33781856a30cc4c21b4c3cb0359e2a9316695670b20acb7f597008
477,4b556bc3f5ed960387476e0b6fcc8bb0de573fba15b056e0c281821f55c06692
478,74610c2da874aa7f417ef2c059335cd2842214729d8c253839dd35b1e0fb0367
479,cd0fa15c14cc209c77ffce971221743bfb7e1b490801017842eed45d12ec5201
480,d8b925cb360bf150206ceda73a59d63df6af86094e22e55afba7bc9bae6e4b68
481,ff93ff19235c5d71bd3c18a3ea5114e9c1151cff2ba9eeff03401f3c3a1b9ff8
482,a138b327b938d52a8e26ebd88173f1bd57580d71e286f2e30a5cfdd9666d76e4
483,e28bd5eb0781c873290977245eee94fa6726a9b346b84364fdfd684ecc4e73be
484,5bc12673542f4b5d3606768f4d69b2e0d454c65d265917afd33ca2b531e307f6
485,d588cdee0a0ada99f5d38010ace92601e163e3869efa7963041a8a24a43eb186
486,1cb40747f68ebcacfa193777a817e57d20cff8e61e4fd8fc5fc7bc62db6a6f7b
487,a2822ea544c73a5b28b25f08c44df4f8efe4bd46c44948fde1f1b75aa8e05d05
488,820ca4d963f024f96d8ee318ca28706847087eafbd0f1d9c2590c7bbb797bef7
489,912b61941a75f110d2911149e3c53060b8c366a993374e2a169aac2a509aab19
490,a0252d33946dced26a3c647e0a51e3d66c8cf9e8238a77292c3e8230a37adc28
491,7c9fd6f628c45cfc19405f0082c9e5a3b9273441ad8ccbadd58e675226ca7388
492,6464173eec3ce1e67e6a3f2d84817de186ae54a8d92df7bb5fd9b86495120ee5
493,d233fe0e740c8d8824b0163566c38d4c658cc0ce6c90c43a4b39458599d046cb
494,8eb7d00e247dd50e25aaa45b219327079e159e720717b8c6831d7c769d921a85
495,b44ba01eed901c0f5c06e1042ba73afaa738f02f6d13916cf0b992b4efe838a1
496,878b42078a4bd335bb999dbe7b82f1c5a8b6a6fd0c74d47c5d27a1013b89cc2c
497,243f3f57f0ad937cc96211849f585c884b40d1dcdb3ac4074b722ce1a5c9ad60
498,faa3e5721eead21c2c076e114c118c11529438a158f3836295e1f9b6d7741c18
499,feb9c830e2edc8bde5685a0c88c36b2d177a097de7987de8659d4a3667c36693
500,dac16a5c81c825112620e61abd10a52ed8e597a0706a6b04c1241775af67bb69
501,c8b9f07db25c6044a0af31aa8188016fb46b6da36c427a0cf8826c5e510150e4
502,ca0cf5d9410654389b48c63205db10eb04f126e3a5a67758909c2041aabe9c4c
503,4bee8e9484185a52a4d2df0823e9e987527bab0f306636bf42e58d005d18fc46
504,1c3fec2b3c4869dc6b9a95915fd341188afdb984680e0ec2685fb3cb3817ce96
505,1851682700e3528ee62210ef6e5d030521fb4455478a571856dcbcce67224584
506,faf44d273b694d1a981a49417391c580a7d5481ebeeb24c1d57c3dfa37ef1dc7
507,ed422cecfd305815e8a96e68d9d944617d0a184019c451f8e0e4b03c51b3aaa7
508,d62a6027ac4f92d71a7f2b41856e76c904020c6b62258e11fdc490a788729ef9
509,ff3af71ef51fc2ca3c19a05453d3bd773b80ae223ceb8e319d6a7978627a8f2e
510,2324664cc5569d1e59bca7c721df1cc0f943474b22c66121133d1abeb74b90b6
511,1da30a99120096c676f32b003ec0d503e432de69977b03194771a2671ff777e5
512,c6aa9ba16109357fdcb4c352101c28f73257b5cca0370b4cf10312882caeb8bb
513,efd3282c0d2abef938fe0a3ca3db84ef7d8913fce9cad1548de7af6a196fc80b
514,d6e171dd1ad096fd81c84e7d4773deaab7b37652b16bf79fe53576a7318f50b4
515,cf9751c3d49c12ec7327e65690066e100257b0bd596a8cb5e8c72f700459ad66
516,35e82bd9c8d8eab50f248ea595ba14d6a192ef23753b7f11c0d1d84b9416a3d1
517,a4e83a44fd7588449023fd3cc12170d31bd08898d489708b3759f2e3f266d3ff
518,033bb4c697effb4af6142a5f0d758a863d054e919e16095cfec15f23efa103bf
519,e81e92cbaf09a3732d8ef3d805d56492a464ccb1c63a75c848d569561996ecdb
520,8ef4844d06d1628847d9da4ab60026abcf3744b49ce4940d1aab2d961e4e41d7
521,0ef76a99736c668d413d8f4bb0974608a2fc2e792b7c66f57ea88cbcfea868c0
522,2708b047b8b0908a875451184e1a9b0ad1fbda7d2923b3c235db8cf663a3bc88
523,f64232675a99e5ccecf759e0a7fffc99f55905eb356a44b59f66720813567785
524,b0fca39c26fcabe3521a0d45052f59474fa390f382a69debf1fe32750c9c4458
525,4b0a8416de9b4dd4f2068d927b63d53ae0b9eaf09e59e53a819598979f4c7af5
526,e154d4002567edea9ce000b53102dbe36b176ce52d0517767e857e2fcce1246d
527,29217db615effd35214a2a927bdf556e587bc52695486ff99fd7fd965bb4814d
528,04da01bbaef4f4a4572123097c7ef503e3cfe64e34b0d86c9f1638cf4727b088
529,7ac0d350ea81ebb60100875618fa52c9c3982ba5063a359b391c1561422eff52
530,7dde071c8159a90db71f1f7ae09120ce92bf72794822d999fa2643f6077aaa1d
531,36e0af108caa2efb24c3384f8d916ba397b4aa03120d366b7427ce1d2f1796e3
532,381019aec7bb5a93f432f0eff08a8c283ae6de86322dc406c89784b467e5d13f
533,728090325b1d39f38defd06b307efabbbe8b810ea7d463d02b6d0e43699fa172
534,62e353681863d43a3add32fa862e3e36716a8578a6248b3226ec381fc99a6f11
535,b0698353439a07e3f1c6ae25d757834f1d55e4a42cf52cc3d4eb05551a8933f1
536,52f85f419a65203f7b1f3a73c17c0c250bd6876e9160e349a51695d5fb30b96e
537,1f297a82a1ebfa9bcf87f8214bb294b0c01ee73e26fc000acd8b86d8c609a77e
538,a976adcf3bc1619e9fe28f169fb02e7e9b37bd081d48329c7f61341225080ec8
539,64ab3e8359893166d5fedc5721183a296422dee758bd196ccaa48ebcc57ba360
540,9ec86b42eec5a4085cac6e57bcb4f2b719d2aaac196f468af4ca24611d23a3f2
541,071c414ba5bcbd6f894e60e57ef4ef3d8aa7195b8c3bccca999e7098963d5840
542,62cb01c5af5c1faf3b9d439f4453f76d6dfa95c73f5ece84999863fd42c17854
543,53fa8b74a5bbc2958e73eb03d7f8e82687e8f0c829ba19be0de0f5f0077f36ea
544,158bf3d2bd0db082bf5a2a0dd9666de82f59ff6a2ea283e40c4686bdbf7f0958
545,3c447870e9db05f73e043161e577b92fc7e0fc3c1408c92bc7efa11d76965a00
546,92305b2411b33b0229031e4fffa14e8b6db47ec9fde5340e9a3a6722c271ddaf
547,891d9d3a1e8e874f6815123b92b14f3341a08d33b46cd1286df47762e282c295
548,2b97dedfcfced50c392e4611b4fa877c6c733effe4f1422820c54e2a579b89d0
549,b845ebf62e6db1f949f4a3142ef1920a83c1d0b1ecdef98aa7e0eb6ccf00432c
550,c0a0d004a9788c35e8d40a645d0781764fc9fff7accc5dad1d9c9bc59de38793
551,0c52c5a783c9463c7f9b97e851340a9978b7b1ab6e0eb05f0a38b2b477ab8591
552,2579a83a8f37662363b9b349e625db0779dda65e1197cebb42571e7085c8e7d8
553,93f24535abfdccf1e4e5f9ed0897bdc823506cea338a9a4aca42369c0aedee37
554,70be211dbc86226b602305bb7b18301234dc0632b6e2d5d7882250b1a8e63bd9
555,edb41e4a4fa1f1f37c6ee25a22007e815ae806f144ab108bd773b9087c6afe61
556,c28ac84dbc2bac65d0d10b44891d64396a54e10ca2c805b3d1d2027c25e52044
557,3e0b13a26fa194d095bc340577b01423ba0b1f562bc579bf98058bc8774c02f1
558,ae706e7fc33b56252681a2ccb78c519c146d11430dab229306240d1128dac82b
559,327573f0085bf7013d904df9507a1e33864be9faa68e1d0fd5635a709a882bcd
560,8fea3f749114158e192e83b8220305b2cb8c703b679ba3ed467b40da97eead82
561,a763ef6c524f893f3ca927c1eea6dedd484cbbd725c9694928132e5eb3861b54
562,72c788367fbbcd16abd39fe5ef25fc7cb2611d7d4c577aa8d96ff20956bb8e24
563,11a4875e70fc73107dcbc10a021083c3bba279653869071c5ca16ccbd90b2d23
564,f866aa6c9011135c74190e0ce62f2046d9a3536eb5714252ee0171efa05a96f1
565,79d63907eafbbf50f0483bf926bdfc48ee542d997edf453fad652ed8d00e8436
566,c222785aef2d50a0c5750686d877069551e8719114e6f74ebf4dae5bbd633aab
567,5f858c342cda2504ee3e29b877080e63ab2345844dbfd240ea64a5380eb80ea0
568,d78fbcdc90fd7829fada65c8c0f7c96594ebee6eb2661fbc3c887de6d187945d
569,3355bff1c8e40f3987c25da369ac7b399cfec4abff4cea44048a135d79f9f6c2
570,ea26b7f0d01e4b7dadb064437176d7f361c05668dc26c77dcbd9e932609b909e
571,012ac06bf9f71e5d0d5bd777d06ae1359d90f2f0362d66cb34f7b91d29ff72bc
572,bb15d768f3673194843119da2d7e694e889c620dfae7927456ae81a71421f97e
573,4682a0da4d048c01a359f0b22d99f0fd828616fa87d210f51c81069b979ef408
574,23c904d54423f1aa6ca2e18a5c36974feb6d8da93bbd41976ad48cfaa8a2cc65
575,79f2752d1cb4bac9dc006ccdecfb4c07b739433fb981d117a995047595c59a44
576,a9a3de1f55f506bb731f0250235e21c763f5fd9393b38b8bbf90098f8499b983
577,f9533aedd9a72c0e43cbca70c41514a6e53a7347399bcff7e075dd644b4e71c5
578,a14dea6b9fc75fcb88104fa3f84f6425e38462d5b6bdf4bd3b6745281746f8c6
579,80b43a727b608e3a6c76eb6daaea23b7d40d768e42b8b6554ecbb942f5b912c2
580,00a42d9463bdc0f72f4c5f6c7146594b29a530c5e0fb45adff3224d7ae972761
581,e972429656d51f8d2ee75601d4f4310262af8a483471a5a58f00f28dbfcc2555
582,b824ce4c96be43c33bdd163a110bdb5f3d46906aeb8e3301922b342962b82ae4
583,e44f173cb940ef64c158dd6a95cf3e45cd7d9e1698caeabe028c7738daf8e0bf
584,2093fdf68939bf12f011a157ff48b48062cc18a2fd74090c021af23bd5b1471b
585,72350e77d4245c855b7b01a23ff422d5875942ad664e1576c220cdc1dc275253
586,2b54cf0ab63116d2a29914aeea87b3f17b014cddc2d6c6fbb438308d139b7b64
587,dc5586be6740b914f9fa9ceca7323250e2317a7c3b76bcdb8a1ddd01d554ea68
588,b9b0f3c5aa68c68b5279b7ba00bd4fb694c51714a725232453d0a1a832f284b3
589,a5d119e8dd433dd27525b87fad4a0b652e1ffe20654011fc7f0b717120ff0199
590,fb48087db064d12d9ff48a0d598e8098d0f3bca5f878540af879d86a3d85a073
591,7c75428beddb0a9c28ebffce4b0d548401554e687a1504138df644ff5932496f
592,9797dac1bb8bfd5b33544e079b8c86fa031ee718b83a871268f8f133e875f0e9
593,336dd1a62c4bce415ab5ef6345c0ff81a5f5b294713859f9a91c90e85d12b19d
594,0cdd62811d4a7fe20a9d93272a7c11baf5f9dc71859c953bf17c387fe5c9764b
595,f5415aa7d7ec59e3c6c46ba9036209ab9232cd4364b9e600579c1e6a9cfd1978
596,75b489cae7a5c15eb0857090923d1f63f7361ae20da9280361e505ec08447559
597,cb3b7f62fd9f21d9102dd48291e197ae657e1b11c3efbeca9d7460a8d7a9a8cc
598,1a465d005f52f8e7b4caa9a095460c198edae95016aaae4ae5dc287a43ce6368
599,ca3d5bcbf4b0ce266c274a815f3b7b313e346edebb2cbf1238836d16b7c5db5b
600,da4b2636917fab6eceb2035d9a69e210ca86da5b219b339135866e72edb6d2ef
601,81af4dc9c5f051209aacc6dc638374eea2c5093feabb2669632d7c68d78cefbf
602,45805356b140920e9fac43a4e8621190202454b01c1fc616976b3a2a5bafcdc6
603,40cf30a9102f0aab3224de98d5232e2d1381359b26f8ae83343ccc9898294b3d
604,8505ec7afe59ac9bf3255c9947afdfa2bffbfecab46fe7ec4c282a020eb34d0a
605,e4f5a98866e12d12575ce51c6368079a7034eacb2b15c6186aa3d6dd649c5fe3
606,8a6b821c55fe49491b4bbc2b076a876188c16e96123e5d0b104646aae2ceeeca
607,d6cec37e435082976de0ecb01d8113688025ddef5d63f3d2a12b314269fccfc8
608,48869453de8f68e12e289a1b47057ac2806f1f20f51bd29ea0fd59449acb1e96
609,569e5a0dec1cfdf4a3715d19c3ce8dd089805380ff4611185b83d64514dcf2fe
610,1e664b372e9220b6b81e97fef32c53cabb2e3e7359062518b1eb7f6e7a141dda
611,268896f274581e3d5abe8836be6cba0b5090a0e45ae0fbbbe74bca8c4ef5a3a2
612,59fd0ba494fc10b55eeaffdc14309414269395adb514c04033d9d395c0ab8a7e
613,615dbf57f8716217ae4d85af88dd46afd07555f3ba80397efb40aa030a6da46d
614,d9050e7b7b261ed489af5b79c0791aab2b2a969aaa6942a12c0392dc69d499d2
615,e25625c6111cc5b9b65a7d23565215dbbdb4fa6d0f7179cfdd9afee034e0b9a0
616,268c63daef2a57b96e6c8f45aa55755cf0e61e2254e8823af1ae849ca7bb2107
617,14c02816c5db1cc8933d35b315317278b52f13cbb35fe47888a792875cecf01b
618,42013845493e1fe749cdcf1e6c44a1311c3931bdd75dee383d66f9f4aa8ab2c2
619,591f464651db79b217681cebbc85bc518c4112353f261ec7c247d178b5118a73
620,5ec6132ced89ae53a7a055ee9d1962ebcaf92d0e75ff497b4bdf91859a5e2989
621,74563f8952d49bc4ea1f243b53defed5a9e9633fd09f1bf9b07b4177d2d6f880
622,242a1484579a0d5d5a7ed280252d71b4e27afd8f48a3d8d7ddcb228e76e8d42e
623,385c04bac6c72d2de43e1355fe2d67e94b9000a9806c5d7a05178399fc61923b
624,1be10419faf6f21b892f4f81ff30d76b7777621c59f6dbe5048d8a41872c500b
625,63199d201f71231626cc7d120d2aea8bbb319337e31bfd0654a2825e3981c814
626,514fc5fa00a79485a277dac7430ff6f3036f0ff59b9567d9583605cbc35c7780
627,ec1f5fe513050cc44cdeab2cea1e7df75a6a3028fd4ca0f517648434de814545
628,09f9287ae5a27e3cfd4d76be5a1817515a6e8dd65730946a6f071d388f2a5a6f
629,df0a198837ff70aa004c46bc3db46c681562d53ef2a551de3a59e5e92b3945ac
630,d3d4bb37fe1d4fbfa127c3ad48b115a1127c2e986738270c196f54acb7fad118
631,c983444acbe3b5ab6aa52e2aee23080afa2ef55479208e54c6e8b9da4660e3f9
632,ede3273ed7df1a8c8b8a2b8c92d419773dc991c198c506c290fec0581b58ed2c
633,489cf640baa036eab3451761e6b5cf5055db30be218361202ad11b8bc8e1161f
634,c292ef0ba9c276f72134263be83d0cc172d197a44b21b5c08335312aca09b6cf
635,9a9f6e0f502f110105994cbb45d43a37ac309accad78ab958c3ce7fb59643def
636,ae54c86416dfaf70eedcb8986149041399981fe7693e611ab23a3df8ee9d20d0
637,0eada065febdee7b03f84489c81d21a46a010fef8cecef29cb3d0eb89ebf3fd7
638,a13bb600c4b02e1c0c219f40cc83a79db94c3fe5dc6c6b8befb7381ef382c4e7
639,d6fd1416cdad39af572a09f1cd37ab87a2f9738a2d7211a6596280fe13c8dff9
640,2c906d1b1db116ec9edbca65587352ecbbb75ddf5289cebd21edad255f086c63
641,47140ff48d9140f05e57b350bd9032a7a8587c344ab18b1115d7f055d4ff0c43
642,188c38dc08dfd611b8c15d094848889ce32a2f57fa352f1ebda67d153b920540
643,6a063ee79dff068fa8e8d8b5b3ead681ad6b05e76f14aa5473f903d7348a7739
644,6e0f9ceea1b581a0f321df945f2d2685b53caccbf147afa830b216f54dbe559e
645,fd1836a33d62fba926b7c9b77d72ffc20e3a8089157164f8accd1b86949c7824
646,36b2d5b8b2a0a533fe6dc1cfc85b76d8387bddabd99c8415641b9c6c6124b7ab
647,0c1cf09ef603ecb45914d254f0c8cc91fc17ca2496aa3ad1e6a456fa1016edd9
648,f9b80cc35c53118b71ddfb56e18d06ab1927710b96b563732cec11c450ae4c76
649,615fb28721a663947623887a2e86ffaf9ca998b93cc0ea319b34c4c323a9e4ba
650,6d50b50823f2eea1be8b8c0d5b4d02c42d97393ed51d1151eb65d9cd9f9b4970
651,4224e8647db00e26f0a97d504870219101ef5c85aabe3f0001df5d41666d4d0f
652,c342f9f17a556668ec66e03bc10553857bd4020bcc132fe1524fa968ec781da3
653,3d19ca6cf7f4d9db699e27e4cea1688ffb8bed9b9d23dca82803752fd5ba5332
654,e222b8afcf5d760c07b6fc1c8a6705d18edcf321360dac0c75656c03c733df93
655,f2e3ca7f9c76e7bd3fe760a2b1a1c984df6630ffeac65b82b4f1382718efc4fc
656,2df6965bb93f0a0e3810becc7c3b56cf59932f63be512661493bc39c5bd355b5
657,2aea3f27d1e9019106019686bb37e95ba9e48ad9540f275d4b5fd1a6c0b5178b
658,4dac316bee500d6d8aa138814e6f93363092e765d0acc02128868598a3438e22
659,a49b8ef26abe56a40f2d213405371ef521662a69d5fd53acb7ce3c00b7c55e7d
660,b720416f72aee7addcef8eddc9daea37da041f6dd8440166c74db0687ab60231
661,cb738a9ac2346d4ffcdaf4607e457edf633b9ec43c6a4a696223a5d91ed1e86f
662,fc13ba50880b16894492fb325b284a84d8e19993be68f8c21f4cf07d401bdd66
663,d24ae7c82d0f297682dc11b29b6eb78d19913bdcda3ee6bef52d44b7eb2a6ef9
664,fde4c1a7f5d482ee4b42257559f3bbbdd8bfe8634d14bd4ab09dda729bae52c7
665,08536d784d85e5d8602770b686abedcd697bcf7a323dba0259d9c9730cd2a34b
666,a93ba8450a09552e0168849c64ff3830644784be0e2d767d4379a0a9cb1e1720
667,825e6296b472d628fac0f9e775f256fded3897be8743c5ff5f8485bc273213bc
668,6d76ce8d5c4ce726a4dd913adb6accbb93280c4c8eb6c6668ba608c2547d2503
669,af437bb0ba2ef531023f857be3b5e75480b66b72456360371e31b15f5c2711df
670,cccfd57361e35a4da08e4f78f7f9285a36fcaf608568fb379cb13d8d578d73af
671,d0e8bad8cc555978ea91a459d0a4992d4f7e640090f14d03212b20868d84cbb4
672,37bf919f8657a91f1812605004df7cea66b4742087970166e35d837d7f8d7722
673,c3714ac3ba4e6df632b206a591c9bed27773119107fcbe32d3ebcc8c3887e399
674,87bcc054c61e156a5df4c6b5618b68abd68bdd040568ea08a5c450c35d78423d
675,0415b3f512b115ee6a503324b9fe90e54c3e824ab4f6d02841f01f14a9251230
676,6d6939e88415be00c39e554e3d00c8b5971c303a7f288c2e9c740bf440e7b250
677,cea59cd58182da49f33af2cb29eefa8e544fbef4075fc12c12d72c6a7eda61a0
678,2184b148af7f30890ff9ca5417bd9add7dd10f0df022e551f50727b3d1cec374
679,681f5399d62d3842780bd82037aaf1c81b8e98c0426b62d0f2c468be7c514013
680,109a4cf6c1dd270057b648d55e0bbb4a9072041f75cb4ae0ac88156c32d0c098
681,a6e3e188c30b3f0ac51eb3f81ab90011cc8a90a6205ead6bce43404ff02bf4e6
682,72df73c7f8e4eb82b5d10bfb1c858c266bd081a5bb0a948dc04a1b506a4c9f32
683,10e6c12d5b30e74f371024aeac5d80bc1b53298547880146c485a8c5b6b11272
684,e447325cdd0606a03df9ef0f22518f57a9f9aba421b32015f4f2ede90aaab77a
685,6203bbcbf171267e5d2113e3be5952a2d5ada614603c25fe766125e22c273a51
686,dcc35a05b450d986e5d28de9c1ecf07011b30f93187c7619dcc363ce8b4291d9
687,1aca433a6f93ab48310f53f088638f184a6a867c0d310013592481e1436370fc
688,dc070cab772b652117fb24a59da4e84d21d052425a15b80db35572909e8f0772
689,e8f05f4e2f3a9564d6f34b1fd3d82ca46e4f6ffcb8913ce8f990e21bea1caf3f
690,7fb76934b73cb9ea308591a606407be48f9c199368c484d4596c24d9e8a2840c
691,dcb71ab194514cc9740b463b855ce860bf3c7e85b2c03d0a6eebe5baeaea007b
692,40e4c472e05cafd07614e1f550debb1da11f92894b8a9f98e8adcb329548dfdd
693,6b7e583f408e4f4c59ff1151909d5a90e332a226478bae547ad05417e3781ea8
694,b406308fa4cda94749822fd4b47ff9670224dab453cc5f9cb4cd5f4b59c76135
695,b60139d939d7ecd1555c0e484373f1285df56de761bc1c07532d412654aa0c89
696,9087a46646b679a41f6b007473ad06f0dafcd6e6e52300158d84d78b4841d780
697,fa342c33b068fa8373c45302456d10d479edddc113995e49e9148dfdf15a9281
698,888a518882bd41c1ce5ed694c7604dd95f37f350ea91b67386fad35abb3ffa0d
699,d43e8b8d3546d795ce4aeed8be4259dfdb014b246b9d5a30f7f18adde83394b7
700,cd98794ad1bf863f997c171df1637d89e095e78f5a30926e06708177fd733db5
701,a64070b47e498e1d58c13b1ab6a31828c975d357bf94f848f926b506c8b74382
702,713c7e5d69b8ff26abf9e515c955d2c31f3a6e6c4426e58dff32276908076c34
703,a5e0899b56dbbdb9661d708775e8349fec3293710a23cc54c247e2a713b77822
704,d74d9d4d0ede440c7393a452b9c8efd3960a6a37bd9e1b7d3bedad5a109f0b36
705,5b80ed3cac891ce7196fc9cc1e80a9624412ea0fdf3f221a0c4572e8c2ef073f
706,849a586af30cef405b77736a727b235708e745f24cd4cd7a0fb90d0a052ac8d2
707,bd13866798a25f1900ac6ee1578ba88922d41730512307a151ae60db38a4a3b4
708,6be45fbc941f62ebc2dceebca6d3d50fa803c429840eb5800fdd9c85f9cd1fed
709,3236d5fe4fe9033f98ba86dcdda2faa673bc7582470871f5c9d5d44cb8a06db3
710,e1129a92caf5504080919268c35bb8b514bc67994423784a54c94b1ce4280be3
711,ffa8325f772cfa28b01311756d31e7190c5ac85259cc8a65dee5be1958b71515
712,aa8f70f99109639b68e7965abffc1074d0d58aa0644f906343ee670acec7bfc6
713,b0876d6ffa74ce2dd470f0ac5e2e4ce7e88837f7b610283864e09d90a7f91491
714,1eaf9e7d8acdf4fb762b43fddfaae2e53df17db8b8bd2142761a74e92d3f8a48
715,246a3d4183708d47754efb527ee9a3c47304965662a786f2924f37f238ab9678
716,5c94d6c32d1d104c3b23911a82267a177a042436a1b58fe42da7eca8cef6d6b1
717,6d3268b38c8aa606445abf925ade76aaf3128fefd31faac79d0e12e3693d18d2
718,31df6ebaad31435c1fa594d1c7259b1145fd053428c0fc41762db55f30b065c3
719,95e88e246ba17d87bade0ce00222c3f872ee53b89a92edda521a60b371d2641f
720,790bb895d61401034f3a0da71a3cb164774b3ba014cd02d14588a9921a350365
721,1ac4ad1e9d7dbbf218fb119639c98aa3d675716cd1dbbca2be3b0f69f8ae6da5
722,dfefac1c9887600597bb37f7faf0d584c5b9396fc59b6906c4a6fdb49e4ff65c
723,f3190811c384c10530295eff8946e2b1437087d0446597cff210c58c7764d5a8
724,2f9e6150b6a45a06544f4b26c7abdb53885c53d72db261770f9b76041f7fb95f
725,e7bf1b1da749997ce4c2da34d45e7aaee186af016dfd81edc9b0a255b699a4d3
726,1583ddca3577960d01a2648e8b050015823d3b3673e0686a45d629f87cdf3917
727,3155fbbcaedce1644fc5973757476e908fe1bb311ce124b8c307708194663d24
728,3c6e28eafc25d25d2a16715b64dfb25009e862741948b02e9d42102d69da9dfb
729,e5675b97ced13c1ff4275c2012662f91fa5afa709c109482eb9577917453dff7
730,c4b1876fd009b8d69cf4e4e85edb328942d4cd369f72cc522ed8bd4538c6a970
731,39cce76c40eaeaff30fc61c3c8f2d669361efb8dcbeb465938933d4da2242aae
732,295e40699fa3c6e7f70b1068b392c38d334efad20741a5d460f30f1ed342818f
733,892f11b39ed8eeb5d68b0d682cb52f0054fcabf047366ed498afd403c1d9bd69
734,ce037267b75d05ad392ca4075e0e836b5903090a77439344341442a678846fe4
735,0db1947b8d4c21e097ec009df329fbd6e0aa70b1352029e74bc2095c0d7ad78a
736,8913fd27127b7f77d4c45410e910cd3e8854f85d2bdc65337497cbb3dcfefaba
737,64eb31f84a41f2c1695ffe8a23da2d0b77b7e52965fa857cd63ed674df9d27b8
738,41e46318c2ee8efdea9a67f546def8baaad1b484ddce28f9f67eecf35b1f3d2a
739,69ff02cf1531f888fc9918399dc4f77be34704a6570353ee4afbff1e27fff012
740,74859a13286dfb96c72ed0e9bd1c57926971ee4d84e433583ba62f1c12a2469e
741,781d442b4e34933e4d504f295a578c1492930f229f0224b496ca520138d6c5af
742,c898e4ba979dd2fd20ab4d1662e6a459a1b7bb7aaacc94e6485d3f08d4162d19
743,b446ffe78677e898f2951795a30a560e4c775b1ebb26a9f6ba97b7c4fd5cdce7
744,42e0fabf79663948ad068099975d5166268debab49c78a60184ae3d7cb89b866
745,6b4c7156c3407f6f4aa0c0696e001d3fe654e0747e1fccd076fe0e5f0e45a7d1
746,d7fc1637f288b3fa3b7639335519ebe795a5c8f36edfb5822a523aa8212f52ef
747,7a2464cd25a7ca9f7ff26198a547c97e1cf3df2da9b5c4333877ce2ceab277f6
748,8a8d112a2f988a3c2b764218a2d7f8b27c2a9063a374f978b989d88d8035bd53
749,c0eaaabbdaa2d1b74f7f53052ffbee6dc528e8072e64cd27a3f8d883b35a4dbd
750,19a36ca33ab8f113ffe2d3ca88041bd3df1f764fefd177146ffaad1ffef1b0bb
751,bbb3b59fb0ea44d6c600378a1dda59445c22801c3c9de15ab6593f780377bc32
752,3182f62465508207fd404bf37f46e0501b503b830b79e0c55573fa80b007db8e
753,07da5f61adcfd04831d658559af339113b6bc81df3df6bf581c3df6511267e94
754,351e38c1b73ebfc003622a3b28b665e4d797c22a1f875334555a7b3aca2d59bf
755,066b90eb1133d099f714269ad91fcab8100f6908b154009f74f482facf30b5ad
756,8c15346c381d2cd3fde1dbcf30c6b0156fd50baf88404654224337cf2e817dec
757,f3e63c9b48db23ce35afdb69e1fc9bde3f931a4e18e7a6d376fa44c00ab12e2c
758,e6087f3c75b44efe43a28f4ab28183f7bf237da817d5e72e91d9fafdc9009e89
759,a5bf58c75670d74b27afc96f676a33244894b1377707262e69843ef7ee254464
760,aa2ca778e478b2c749d58b4f5e8c784693e9bf28469bc241d4f1333c7677975a
761,7075c85aa85266c82bea1ffe092e9cda118a25fb27d8b692c9fb5dd7fb0dedd8
762,17aaf6d044925c904c9f43d7d1b4760a87230ae2d07e97c682062bae620182aa
763,5b55488f16919d801dd98a27a31b3611e218d03ce12f08d00bb1c1a40ab14e08
764,67543f6f421f133acfd083965551998f5b6ff45c8bc6dab449a7e6891d2feff9
765,d9946dd2c7e696c26302c65168498c8c9b080a5923c28eea209bd5af4b7c3487
766,62ef6e58530faab66dc9122451f930ac6d1850fc58f01b274d33a337d73fa28e
767,477716261fafabc4e36c364f400e52b7b3b09339659409370ee49f9d76781da3
768,1a991d8e8168630423d1dc3fbc6abd648d8146485224aa02608fa2ef9ff3e101
769,c881a8d4bf3d960c26baea3be197553738e9060fe3597e94c05c4fbc2d69922b
770,bbace9a305e66099b774604d7544787bec5559e75a8d6c94ccd3604631d0de77
771,579ef20abfe72c3c931f34c483c3fb8213ec148bb34a7450b32d483c1e2f2e08
772,ef23e16e7acda4874374750ebd8b5de1722a8fa4c95d80e9fddf4d28ee7d2150
773,e9b61b056d1505da10e92e56b2b6cd69249b266728e07323cdec7368b348a1ff
774,296a6593a35f0ac4fb3bedf9c5995738674cf2cd910c88789352db6e3e25d116
775,8c9fc46f92f6c7d1ebd1377112a600fc487351b4cace94215db54e871dd5137a
776,e7030a6643dca7b95778b3f4eea7844cc5dd7dbe476b5cd22433b020d9dd33cf
777,94aec25388d743a3795861f3095e0c0c7c64fe2026d02c0059e8b3accfb3ed77
778,a666ff1104ad3f1b11dcadd9b4ae96bed0fe2e3325175843323b527a74f79e7e
779,657244692f334694c2fc1f5fe051a70e761f00c3451ebcf168299fba780b31e7
780,da579246e5e878ca4d358fd8e0e2de642c7ae081ed2540d7be811377288354b5
781,5ee817a8db4c5ef48b4a6c528da5c38d408da6dd97981a619b3d3120b89fbc7b
782,3713622cd9590e0668c5f5a46ca7271424c20b32087586812f2ce60220e1cf68
783,a12c9d2599ce60880ea4b371f6410ea0aa70f936be9f4822f3147654c0ee5ab9
784,27076de0109c30343d46cd75cac2c765e4ce9bf72436a89af0f6942e166c5918
785,d567645bf6950ffdd39bddd03a128418059467b31bc4d2b82058bee5b0f6d8d2
786,e9831274c0c754d58770b57fa6d52107404a6dc9ff6a221193acbf198b830e39
787,ac5cfd19c53a1a560a86919c0d61ea43d54dc9f2bf639cc1eaa1f876d575b921
788,24e26c79d1ef77640c4f2d2545f4a89ec278340e46df392f3afd0e9eb369bd45
789,bc2627449d014b5871b10c1d5b63d7df31be86f0a682577cf865ad244c22a5a2
790,2ef521f0a3898dd7f877058f96b7ef1bf4b021b0cf659a8e882799e84e16d208
791,44a1277f4a7022366d1f593f80ab65cc6cc5fb674e37bb14c239b06b81db161e
792,306dcd034907ec1a1c65a84855d287d801a4dd9ed476a084c7f4d14223507575
793,577e8d610919a7c13b62da83e7bac37c4d14d9db77e792fd00c2c6a43645e327
794,6f2de1ae3694f36f720e2920f0d537ede97f18474f85832927012f1fd593ec67
795,cd13cfd710df03e576b2528ba287efe4a0a9af97c7ad8057abee8f7b88c9b6f0
796,3b361c92eca3fab5a6adcd132f0a3e1f65332c462e35424dfef717e99e792073
797,f91c010e034cc94c8e6ec2e901c5182277f7fcbfbcb842260c9e085a67d13a0d
798,8e3bedfff7581e6dbc5d11893f9dd092e1cccd3b32913dc9de32273205d84210
799,2faa9d6c1ee4adfc3d81a03805d828a14840360c62d32a2c384229bd579f5815
800,48329b39c27aef21933e268526bf48e37f002b23d1f9016a84114db3c695d91c
801,bd064ab9c3cd26a2c34e07ff1b6781d2b1ccfcfe3d31e22194a30e1078ccfc67
802,04700e210a9bd2d343c9b593667247fb1648de603e90ad6b56aadcf190bcaccc
803,fde4c8d0c33676f69dc98d1cf03bf330f76d1d4a2aecc7711b00d7f1ae060d74
804,d2f9a6625e780edcef500a761611d3d611a0fd91d2658094945ff0e317ae97c8
805,7a74c3bf0fa84cd6e3943a8d76c3fb3df7a0b3a19646f7acca0f720a292a01e1
806,5231c974daf0f92dff7b679706110fbeac51eff7d72d625e2398cc254f3df8f7
807,6e3bc4d6352237d9bcecca2a0641e7c883066767c76e2ca11a7b12073ea077b7
808,1b64e0a66f7663590e42ba1f858c1b1f09391db1aa0fb9218dd6241402036c40
809,5d5ea71fa87e3337e06bbcba398fcd2eda9b677bb61233d9a8fd193491dbd00d
810,9d71404ced3139a51b2ef2b158859ba828cce535b4bb8e3a487b873ca3e1fd65
811,5fd0f6406376c0a16d49979a7acf6768b7d02cf8f2102e8e01c88cf4a7427988
812,13def1ee1e87753c18a5fcc57e0d7c86d1a55fe2fc6ed0ee8528337aa0609621
813,aacf1e93d8a480973b2ddab6f5120fc7d9fa96691347b873f46bdade24579ccf
814,30912443369bf3e9460e6c4cd007384dfd5096e3ce7e70fda6b05d106ff36433
815,26ad6d8fec0556510e09c8fbd780395d15463f5390c360383e5caf2b55eabcb3
816,f9186869f4cc22dc6bec742467574b9e18360f8907cb57fcc984eb2ae111d51f
817,1defc259584a7d4a97d7a87398f818f7102ee2b9bc89a08b75a3aca2419b77eb
818,d8ae4f1c822427a5a43cf75be38034d59d87596d6897e4df52f26029748f18cf
819,30eed94030f365e4cd1c13bf3a186655690c7e2b2232dc8c6e529640fb06e9f8
820,e5eea249d870f6b2f69cf79a727e1356cdff8124a9ee11452eea908fb7dc91fd
821,5e9c0b99ad7cea61e59baee2c4bc36e420e8b32e8f3d5278a5a762ee0495953e
822,ee8d294f204387c43c3c64d6224bcfdaacb74621f0a9b817cbd4d08f649e7bd7
823,92fc19c59e64dcaf5de82eba347fed783526385a2a58af8fbb613180b7f4ed01
824,cd2829129f2b1a894e4766b6961255fe378f8526eb67f6edacfc6704e22f0d4b
825,34b5e2a194163bbc3e32dc5f512e7d45a96da9573d77592bafaf7bb901c0a001
826,1455c42463c0080115d5100afeedae5865a251e02211317e6b5a689cd8fa0a8f
827,614008029e4e579a3b2e1e5e3461ea8cbb6352e89d8dc47d2378554bd9f1b0ae
828,c65675612d667a226f17fe97349df6c3d1b5f67813025ef6f28f268567f349dc
829,2a6adea32a59f47dc890478ba760c5f2b76fbeb69aebe78f6fc690f7c5ce65fe
830,161fd568c8a50325154e88688b9cb78334d8d49bb263048ff06f37714d3e72e9
831,96e23a5da87575f7aa3c368f07eebd05be2aaa8245784e10e481fb2d21f1589b
832,764e79a3728b3f8457544e1b2a03167877f2fc5b025e8172d99d46ef81059a36
833,aaee89fa962564cbaa4f0a8959a3952c1669650399d0aa631301eef021af4d4d
834,c8b04ef0406e9d4c56ca895ccce8c30a2fb1ed6f71ea7116f2f0d39fffe18b9e
835,9d740e3a80c8101a57fca43218c19361cd06a6b60bf6fc269a852721083bf58f
836,ca05bcf1caae180639762da6ac5838b87bc75a57cee6a5341443387e95123b38
837,2681e44b637f80ca3c95627590ccc2f278b80e4c75c609bc828b276f07cc08e0
838,a4816dfe97db97796cf74eff1becaefc65eefe4991e19d2060603bdec443ee33
839,af27a3802d7486336252a10e54d7138300f4626d6ef3044da5ce3c4ff8de4462
840,97b60e7878d40e2215b91470f3c4a87485b0ad75eb70721fe7dae332dd061f6e
841,18f50140dbd1d23386fba879a8a90923e5d3775a97ceaa79e3ae9f39bd1351e1
842,1eabc8c887c76d8d5cba57d65795b24f2f2ab07f4feda11382ef33e94324456c
843,8c97735847c4e3c275391ad408b0541448697614b798dd0feeb95d1e4576225d
844,e333b84d9466407b0dd7f92cff57167ee7aea2392e72d708f5164df77171a0ec
845,02b82b71a26039bb05fb9285e33f62038237ae1a58db720b66bca9756b8574ee
846,df112d636f4ff5da0e8b4eaba9570b1925fe6ea052367d70ce313d943d510802
847,5079597a8a0a093842d49035b4ba0ce602955ac11e99091cf34e3ce1c5d59555
848,09378083993f036fa70d98dba500aedd92576e94703e6a052f256a997724048c
849,1050630e42fa21aa58a293b33ad5d058cf6817457979923695dabda1e97bd6cc
850,a1a4ee59033f293d5d7fffd3b9e43b4a522b9e52facd5f45562073eb16fd6c96
851,93941c485fa33f837191808395e2faebb6e99aa8657b05c4342bb4b86167bd50
852,53e328753e3dc4026d855ac2d23df15855c377a4da1c6fe2441c65dfdc985869
853,68a254ceb27f560bd4e90348da3d49c5a36b6ae00d2b4e2b724f4fdfecadb190
854,52099c773bae20a6921c2dd15ebde4179cdeb9d3e88070240c6e7c7589e5d42e
855,08ecf046700ab16a3ccc41478798ae297a0d1d38536982965a78c059af0ea610
856,7d655b8d051ca3649a8a9885be2316e3859892cf344793b7987608faf2f65557
857,be246ebebf561f81728ee98bc566b885fa9af84ac17bfcb6cd1a42191f951bb2
858,24b2c222aa32b81e7fec81f187d2e30ffb34ccfffc047e96d1846b3423172aa8
859,4b6e54f797862ce4443595edcdbae4d4801cdcde53f491c5a171d202ff1b4557
860,839c9341546b02c58cb8c85d7cab2be37a29b1be1a213903a5cc6440a6d10003
861,99e2a64e5636f9a5b07ee09c59d8b5b71bf04a92ae2caa516f2f028eb22e340d
862,4a3cf72a75f0c5ae013b8465e5be1256d4ddd2e05e8fcff22e7081b4eaf54574
863,82bc0f58422cf252607bda0373ff3fc2ceb20bf3328ba9c91d3177f3d37a9a50
864,c9b26a142ebbe2490ce5a9073b71bcd75f9be800452e208ff1f780111e877636
865,9dd1ff0df577faa51de26af94218f18a3e2b9d1f52fd68184f4b17d41426aaf0
866,4fe50467f108eb38d339b8086f72246c7077314db61b4beca1009c2d49376c0e
867,121c2a818b5bafe4268450175845407ff2a096e85b5e3f47831ff82faef2c4aa
868,eb5f8197adfb6c8a954e99d5720559c55df66d62f72853980db7acc1db89bf21
869,0e4f596df0659c73cf30a0cf4eaf61afac2dd0ceeec0928fd412917d95694f22
870,76025df7f4069a61dcc554dc7e9d83e6a508a3d77bf86011914a76d12ec3aea1
871,78a92d12587b26b5e2cf2f91b5a55dfbddcaf7d74c86057289162365dabe3246
872,4714c727e3fc179f93a03a68e14e888084bf831e74555891e6df22c99bc0d7c8
873,971b328b53e96035903cd9a8daccf3640f5da5b2ea1da8fdcb38834da639343e
874,ab7791bad74bb656b13c4564e71f56385dd3d48ddd6736c04cd7518bbd10513d
875,71587547beab5d1ece2561fdca096f974c5cd5ee5bd8a2ae9742fa01ebc5fb72
876,32ae5986d041ef2ab1c13fa5b0b4be589ecf9625449e2e1109c2932ce9977c4b
877,b0364871aa321ed2d813eec00a57718ceb1edd2391217d217c12069b306c36e9
878,80099db0e1bb4fcbc81473709df9d61e9b59af05efd248f1116e540709c9921b
879,c213618ae932cbd36942cdc498bb0ce07c6dc1eccc82b46095f79914880522a0
880,c8c6aae0eb828aafc94042932d50965342e3b95c6d2ceb92a059b5c2187fe0a2
881,d3f2c9692eb0b331fffab7c766c5f4ba788e0c46fa4724954d6b78ed8db3d6bf
882,aac96578cb97463784fa291992a6a7488fc99b1680f3dac97e80a4dfe9734085
883,4b28112447900ce6fdaee4547418c570cf327fcaffd0a25329dc30cc1bd3abe1
884,1c39578374ebbb7c117a6e305749ec719e3996ce444043db7bdffa1a8a3ff073
885,b59b8064422663079002483543cf4f354fa5b99a89a7271963b6513c8150ba90
886,0462a11d9e41f13088e11aa1336c581463e73307840fd65f77f124d506a4af0e
887,01c5d0bd50e2675f15cbe178064a75a3c50b224753a23d246fe1f9c030dd9a4c
888,abef52c2d08774f5a6d9539585121b6a6163420f939fd27efe860e4ed70f5c74
889,ca5e54aeaa4dffbdc63a1f02df907851a0e55c5ee460a759d894285a83757e86
890,1e71a93db9e8c9697bd6cf873c7c7554db3808af09febaf1363426ccd05944e6
891,a843a16c72ee812860ba3f224a89ff06464e12efee797e25ebc81e6f63db7e31
892,7b2ac935874668a5e2732b2da6c67868b3f4c9dfa9dbe9373fdb739c70d6e2b4
893,e163c28acbcd7d4a48ab520c326ae3d8c93f1da9c93d04dc93442022b1843ede
894,4c197e08b345b1cf149169f426e8600eb9140b58f4bf01ac42b4cc3e32eac34d
895,70d10030cf6b9734ecc7a301003aca710d46831a8b219f897501704c2e1ff071
896,79fd48fda04fb64f5f2d1c8c5a9c8e69dd0ed91b8f38dd5ff96575bae0805bf7
897,cc8662bf911a412627ac7ab6916b7d32483601081a3027f82d99bab3891d5c7d
898,62c7b6a939d2a963a2f285df6efc7c53befe5e0ac6b21a37bc85050cbac4986b
899,1b55ba3aa474f348bf826307b905809c524f1fee0149d4c215af4f096370988c
900,5915869bc877c23c174ead144cc9f1a7cb4015bd47a1bfc2db7562ff2059d362
901,adbae205e7ebd0b3064ec17df67273874c71128fb1697e1a010ac139c2771c21
902,474bbad470c62455f7322e719bdce23ec4b1eab3c86b7479f30daebfafa94c40
903,a0592ee522f1844db15b624888aa89a3c94a5862cfd4409b3c65c40e052301fe
904,ca7a4ee52dc2734f0d2b37d91d5a11176458144638924f7698dc9681bbbd509e
905,fbf98d33103e04f5d2021ee7fc45d7ef2a41bebace45ec77879a1b6da68c250e
906,c8101f5ef24334d6ac04406fca335bdab365c3cbd0189a5ea41c4f05cf9d04d4
907,c2826b8241b601bc1a5e260fe6e1085802cc7480c1c751c0be102199c34f50c0
908,0197e4268db40d008338694a4312b52b4ae819e7e43713115d6af5a7b09f299e
909,f3def2e720d825e375f87a94198c3318e25ad0eb5ac603650c9c0d8250b2cd83
910,acc6bfff1a7d744606f3c6225642721fe50edc7ed314e644e14cef75574efbaf
911,a392ce7f90559f9253ba20e5f6d3a74e61c18f6cdcc5471355377a9f4f674370
912,4deac7534562be3d28795ecfc98bb36e2ee4a410f596c7460aad85c21b7ab126
913,8108f3e96434293ec80ac1d44f8ac335f6435815e6dc6b885d6ac710f5cda365
914,a79d212e79b9fbdf949d9cbdd06849d3ebb1888c2ed6d04a78302e9a6f6921de
915,e0078b8fc624088d5718e7c6d0b3a5e5c39180ecf178938bcbdb2f8ed885486c
916,f282857c2262f2380b8d629286038e60f5f1a8d4d6247b787986d01fe7ee6f74
917,7237f0839a002edd265fde78e0bf97cf4aeef4d1183072917093af5128d93f1f
918,0a9f64b797235d2143d7a649b2d8986044065457483c8175b013e2e9d04e5f1c
919,1dbececdd4ac7fb733fe51c996a736f5fda623f1178a06b9c9078092b678cdf5
920,34599f723840a7a912b8bc700c0503fd124efc825f49c1e7e33539d281ae5c37
921,8767388ac6273d1cea5852bee9804fac3905b397799d9a3e2645118897338984
922,85e8cf9532a15424161fa6a22bfebdf557cf7b02359566b2de0017f7f91660e0
923,99d6664bab3e55f79a00919567cfd623d15d214c8c5069244264ccb34601fa81
924,2d9d2b4ec8caa77db71d4bdeb20e36c81c0aaccca4518e1d29eb48044530287b
925,2c00889e2ff66716e459483a5a7913cd89ac7b60d5bf7a38b823407ce1e0b97d
926,11a36750083ee43ae5e53b357dacc87cbfa388b39caf37cdcfc56b63b4844e4f
927,71e77d0cb5367c0373796dc35d2d3f245ddfcb156728792e4f1dfa8b1ceac817
928,f615e7e3f4960b261e212ca16ab13d7b1cdafeb62530ae84175df6ebb3c653b5
929,b63abef6baf8407e2c1a12cd8f5884fc12283b7514eace7b7666f7202c4ae077
930,ba6200e37f3675752dc8e23796c7104f671597a6468f46ce6499c1e0e02747b8
931,120c1451d57fa35cb7fe47d95dedc99628bfab54f2fc873989d26a3181e4d47e
932,97a36d7d1a751dc35e514ae70749cb8c107fb434b3a1f529e8627b90f22ad8bf
933,6feed374acdb80b58f966182899c040ca15b2bdaa85209189dff0565e1821eec
934,e68493cabea40eab92ac9defc8119f391993ca175c733947a4d14e1766f6262c
935,e668fdb67f91dec7b61b4aa71f79ab7f1e5ee117b103f136d6cd57d6c9334c76
936,65adec494bbf4aeba76ee421f4e78c1f237251b90337b169fa7084198f50df01
937,73d111a8dad4057d01f2a5688afe5d6beef8e94c203eb3afcd3deef0e05067c2
938,51413678f2d4913bb0c312f3e7ca35696b8333e50a6ed1939985d664448728b7
939,952083a03b04cc56c7e6418e96973ee34f6783f3196769afacbacf52e1b56b07
940,464dc4aba06f5d51dde3f395c86ca8248ab83748113ba7428cb442f276049dad
941,6a55fbf4ddb18c2a6e4edfe054fcec69a08e282584ca93a808dd608dc592fc21
942,13a2040ae2f3597599eed7b9ae863668822e4c384734574080ff7050693c2617
943,9053c59facb92b53c342400a4157242c59dd725e6d4989f9c6f27599508bc7da
944,41be7d35023ff1ad9d8a314cbf7c70895b13b11edb3fd2ab438d12b7e5cc74fe
945,4473984439263244c4475cc1ede30c5fb97bae44f1e9398ee702e10f5f7af020
946,201bee9d1d45d4be8960e1ea39cb084c30e770b9642e63e3c3548a2dc9f5aac7
947,5352a91e79007260884ae6f592412547222284151a2f93e8e7808ec48263e98a
948,ef1b63b9e8e8b252524127cd716d67f4f77bb48460ab2b37332bba7507b8547b
949,961cebdb50672955d24415519cd5a7af1306d99e539ba9f2447822b58c297b87
950,1712c3167e574bb0460212dd32c87358ca1a309938f4ef6233f9a3a3ffdff81b
951,2eb802133fbc6f1d2615a422e3a472b9f39c33ffe4508862996909c097cf1dba
952,4c195fd4f7178d5275ee2180a2daf1c7f6dbcb4fec4dbc9d68b6e9f2b89b3929
953,c6e0318472b5572e22b6002faaaf1596e906928db6465114a62400a288b8f097
954,e7ad34257805c3ee8749ff11492aebb168b31dafbdaa294bae66550f29ffc63c
955,6e809801fb73c1e67992a7c41aade573af59c5a6464bf39c0c13bd7c397f471e
956,74e76c4c8af1e68d4a234eeec095a16abb0fd13dcd8d7eb05ca92e9e433b1096
957,30bb5061892981e775476fc45521c077da31f3de3ff6e8e887fa26994a1778aa
958,a97703059f14adf7648b14e7c56c570bde355eadca4534c0c70cb0bfe7ade2af
959,ac8096a0102459805534d39c920fde28bd2a9d2847fc0e65d88406dc7709840c
960,b572f681324c4f31cf3bc516bcc3ee4fe6bb92ed08c7a70387e4cf3ee516d176
961,c94ab25dcac347f612c1de4824f526ca9f4e1bfedd3852a719c063e08a30f6b1
962,562491c7bcba6f81e4a0992bb6096d03d18f82f63ca579fe3047a15a6eacced3
963,d57f3d2d2130e6d87a8107860311233a26fe91c34e48359a5d03c3398970f07a
964,fbfd20053dea8c4edd61f21d97809a3eb1d3dfb5226cfab18d0cffb2528c96d9
965,4af324c9b3bb1e217650caf3e50d19c05e570273e8c7f7916eacd51288ed3bb7
966,cabf4d23deb4ff1e545fce428ddccd86bec54a0bb0d00429a9c8b5bed8eee530
967,9a134a730bd209c5af4823cd174fd1ce14b4a08a4df03e9a12b3621e05de2619
968,7bb51f3d9fe7e2f446fa2184deb6445de0ce18d3eee45f474a7fddd011c39041
969,7829cca5a841db64976d7636fff5052704d9aa41ffa1a83032cc196be27047e8
970,bccae2275996d8e7e221a185a3140e01624a2dca0206222fff07ab0061c65117
971,3930c6ba34b8add585ade838d4f2ffdcb3eb3283ce403e7769d87df894c267b2
972,93354805b6938a51b556a36cb164d71371625bc6b979a787a71e468aabfb5fea
973,9f027035a526e69a4012ba10e1ec49a8927e93c92060cc219fc826f7d5ed56bb
974,50c589110a5482d3f52a6e14ff9c090b729d1f7f60450d9113307521c357ae5d
975,b2099add06f10c752a2cb3e3f7365716304ff35f58b0da363b6b34920a7826fa
976,849d98fae969882739f3981173efeeadb3dec7dbd5e2ae0794014ce1fa3b7499
977,4ed9d2701cf7eb2ccff0065e3110a0876978cd22a267469e4922840062eeb8cc
978,8bfa1dafded116ecdb4c0105c0a8fadfc03a95a73b1ded068b1acf8050745f7f
979,59798481f6cf9d02278b8c9d1a1a42d728b45a0de64291f9d5cfb869366394ae
980,9f20b3d5814db22074b975800cdd7db7c8dad2a402b4db83c2d3fa4ab7cfe052
981,5693261041083d48de4f4ce19c0e57490974e7431d7105e21b399ae2ff79f21d
982,91c8827774d952ded86b1f8a4a45b980cb35fc7b38aaae2ef9b9363bc6bf6883
983,d59c2c78a274225cfd66a60b3e755556d6b336fcb211d8d305284d41e341562b
984,7db756bc16c03c270b2cc86f6623c7096b01e78af7cd72a2c08d8e1a359170d6
985,5ddeb2fb50fd999bdd3d23fad21fcda6e42f5d2dc3c3ed69b8220bf0d9bd9eb2
986,8f74c481e1d6ee1da42d7191cf037babf253d93c79b3915481be5397b4b5ac05
987,865ead206a8faac5039eacbacd5545815f6ffdf1f2e7defbd70b5cb7c407eda7
988,a91014e405bda5985e709ea348e6c0ccdc48fab3b5dd1ef7c4739deef992b796
989,d67be6530c04e02f213864127a67ba44876eec9d8ecbddce2c6f3d866bf3f91d
990,db9b961e89d4bf1ced12a7eed324022506aa52a9dac2745537ff664e6ee121cf
991,61271fdecc8254782308543d70b8b67b58a3f216338c0d0298566c5786da888b
992,bfdb13132a583400f673632e5afec2f41204a10c80382bdcdd0421ccceff97dd
993,e3cb45c24509ac90a56f03b008052250bc22cf4e9b17d3af470a03e1b41bbe75
994,dd5546ad20cabf4a036adf5be48c6f62dc74dec21a7b2c5b1f3021e6c3d0c036
995,93c8a964eff283c3509549f635aaba58f2ba8fd03f121479f4638897c54ab6d0
996,c0752a763f684c07845111912eaaf76381c8458681f05c08408f16b362b1fb59
997,fc672b14448c7ef3d754fe0e7a08c318e4b41a5daeb05616fa1dcacc0be6aa10
998,5ee98564e81ac52485262fd83786b4df47d06f0978b6b07215535c67d4126ce7
999,e011754e8728bad6b363784fdc9c66ccf18d92ddffd7b3d59ed3004899f70273
1000,ddcc68ba529559973de925788fc79ff8eae4ada926c1cabf50ae8c81eb1e4ed2
1001,5532e1684007b469a3e0fa6f41145b10190297c568789a612f7020356709a71d
1002,28e429d17bd23d9bfb4f2d007c129d8349523b3f08b22a6a240b51f926f8d886
1003,94de44fe0b8e7844c0cff7c636fdfb9e6cd96e1f7dd651ee89a6c0ac7308dbf3
1004,aa90a9ba36cacabc0a49b0cb2a6404807d5b382a871dc722c532a61839a5e1bd
1005,18685827f2af852fc9796f9fcd14203eb20ae7a4998285ebe0f54b0e8eed77a1
1006,73a1bf0faeef9f3cf75de9e9ca1d98d9805ec0f7e869a13c8e629603d4884fd6
1007,eebc2b3cd5313c76067725d28fcf4ab00fa0a7599038f8820fd8559bb6eb2f30
1008,a192dccf6d809a5b1199a08b3f914de80d47c4ed742f3e5a582b025145d69dbd
1009,d90c430ae85111aab68f43f93d989f192a3c396c27ed1f3b0cdc35695b735fc1
1010,1c2149e6efdf9656bd8b658d55178beb292c0f9aee07f38cb6daee8772906dcf
1011,33427f7d4860a55a6a887afa8c87bb4526e26168f2d62a454d311c1b4a7dc79f
1012,5cb7e143e2827abaa88e6aaaf80f96a1d11434708a108ff7f99a1b4dd37cc87a
1013,19e74f1cda5fed239eea9366745790e3d0fb2ae16513a053b7d08e8992da3a4f
1014,092226c181d97ad75a7bc3202d858cdd280b3550270b2da787ea803cd72ce2a7
1015,de599129f1a541cd014fc50cd5733e15b14b090710a54a49f5914ee5e3348906
1016,45dd57bfdd38512c27b665da5e0b932a89516cfab72830419fbeabdadd3931ad
1017,d62c6288c7713cfa62c8ad161443f9238c0c1df1b69ca937dd3b4bed50044a37
1018,8d5f538e60b264c9ead9d0134a13b5c5989cda8019c0c3ae32bf206439f5d69b
1019,36ff49d6491b0a48e75a01ba69e720e1e758e9dc10d1753d007b1cfec044403c
1020,211f1b6a588568233e84d302130f569c238d2192b45b5420479b9aed81ab7b3d
1021,ff879d71f885821f1efffa1acde37eb4548d5efd219bc3c5e4e503d4719db8bf
1022,72d603d38c6969b504b0c82c525305543c5a2474effb9d8d7686437c3a6f6fb5
1023,48bdd83aab66f7d770b90198f9d1b7bcfc80d997a5e46fbd743df486100d327f
1024,2263348e039be04a0c09b9b47534ef6c9dc326de0c2146adad29e6551181ec97
1025,3b95f9d7504191f8906b8404e824106ed30b8c147f18cda7701693acfbf1c8ed
1026,8967dc57a3ba27bab8262f0bdfa45a61c2bb2c3b29150d30fd6987be4242be6c
1027,e5e2e8409ca5c32159e40dc5a6efa9e7f971a13dabe3d45b0acdda5d4b49ac0f
1028,723b95cd66b4a02e792afea5d9a0c0f8deae4d5f4b192da0bf14cb3fe75018f6
1029,06b9b29fc141fcc9d0214888ebbca20641e526b3ccc7fe1b8c0b8859da0b9e12
1030,4cc49ca044af8392a38a82316f58606c2521b2fb0d982b0aa5f31be322264e7e
1031,f55bdd486be5ade0417bf6c3fb9d4cafe1a23241095a9a09b2708bc79ceeaa9f
1032,4d4eae78784b72c4dbc4a4b8d82df9c6b874071b1ea488ee27426d4ac1760aca
1033,11396075d05df3258719a5f5352d22a66ece92e383d314fc99d13861addd014a
1034,5469229af79e72580e305e09cbb9a964060a80bdcf9f1020762435aa6c3c25e2
1035,d1136ab9edcfb6aaf596ec24d029290f5a321feebcd6f35368991f164b3356d4
1036,0cc54468a9228b5d37dfd7126494640ec082b0bd77c861573c3eaa40fd447c9e
1037,707de1fbbaf4904070fce06c7d02965171357cd9e462224fc27b2c308b9daa4b
1038,dd6e023b2d2b70784c187732aafa5671e284b29991da992de01a37f4fc8cd1c0
1039,3d3b8d2cbca4b3eabfc25b8adfb6371c95cab7e6d35ef4537ae23239193ae9b7
1040,158619eb0f1f6e6d559fcf930f46f34e74b6854b09949fd31e6891856b18eacf
1041,58d36a96a40166ab4cf6bb0560c87c8f453b7f8018115316f6fe96f2e99b558e
1042,0679a6bfbdbc10edbc419c6bcce6d7549e0921f55498c8e4c690642aebf8e9d0
1043,29ac40c3133312b09fea5d427c3b194e80a24b89fd0800b2c28ff7024a73dff5
1044,64cd8e27f3cc9144008bf00534a1fd9020bb5a718727f97e8ff547c4820642e3
1045,fc358d3f350294f48ab3374c53cecb232dfe5987d2fef4c1829988136e30f1d1
1046,b8ab49afd37a8f319372b734fbf68f8a5dbe1f463c3bb1bb0580a102ec9040db
1047,4322d5d3e7b9e499b9d1848c6c0eee7a7f8d5491626191c9088ebe65705b8adf
1048,792378edcf70d42156fdf2c4f670e8605a636c01c69cafac79291dc36bede206
1049,10738f5c431e5925422c83e7023d9dc9946ac9bd9f52a20ae4ad48cc9cbcf7bc
1050,727c1653187adf8959cb828383c542fc6e60eb7705ac003a515c4ee326272a75
1051,ae0029e09035c79f8c7fcb19445291931b687a37386677fb3a724162417565db
1052,4adad32e5c94c3e02bd52c0a472bf6e22356a1d3bb9d4b46669b5e77d5733bac
1053,c925f6067b1321078ec83d4c7bf0f3cff12083e2f01ba0558c55d819649f2805
1054,4ab5665716f58cc572323161ea4fb204230a87be1fd2553d33c50f600000a0f9
1055,212139be3a9907eaf89970b05d9a38cef6b14d1016fa153c19d24e5c575be402
1056,0987313b1bc32d798be745f35362f23521b54b3b83cd71e35139f150e22df597
1057,fb0aa453a0f6b4436cea6da902ee57ca13eba730da33ff639de621caed5aabd6
1058,d0e37a6cf1422c65148195fff160538eba2dd6bac93deabc78bcc1c18713e378
1059,9ff3f013340b86e81c1148746583c536a7e9959b4ee9c36d015b726e782f94c0
1060,86ce94d0a9155f2ce9a197eeab683ee6a9d6d5613a87bebdb6cd7bb64888a2b7
1061,d90fad8c007d5c6c589f31c9a901f760d7bb0003d5e628d5db137f094f8e76f6
1062,674c62e5147b2f023125046d4322501c8ed752c26c02bbc4df6110958b021462
1063,cf19dcfe97141e2ecfe49da0c06d06b6be3acdc5a9eef678719c88e03ae646fa
1064,8b77d1b8e480868eaee0a85a81276e389b31fc905dd7b4c4bf33fe59bd68bf52
1065,0a8be7781b68da2e749d4a99215e8423839902cee353f9016a4f74c908c5d976
1066,8e0a7bb614d4dfce91567901c4e0de5f0d9207a01a13bc3e4546a08e76d71201
1067,cf0458a135b0c8123a59e3512c3c2ad8b7630da29bd0bfd61cc6846d76e41133
1068,57ac5e4bf61e0c6be8f56aa5e55d1dc759b1fd0a50f2bc93cbb486c4eaaab7c1
1069,1c21f56e969eb53981bdfd25470e0be39de71924bf4accdd6542f3bb50f321a7
1070,30a8102faca089e29f68510462cf0829aaa4a2b099dc1f07ba4d40faf061ecb1
1071,c40c2176e2dac7f7297df0dac3de25e4d0838c38506dd64a37a22df69d3cc3ce
1072,64ca1b4d5802ba2686058f7ab36eca300caf9e64d27e84caa7dafe86599ac2d0
1073,a0e31fd2b72826d9ff3d35e7ae1df60090209292c44cee0417c3d5777fb5a258
1074,b6d703c451c3b9c0ea87f615c6dd99c4a7730c0bbc852251029a2ae1a5a11d36
1075,45fda58186af07d59e063dce5481d23d6e8a152902557d4132ab95211e8b6eaa
1076,75a803a8f9cc928326e39a8e7b603aaf4169c24f27fa990f23c16bdb545aaba6
1077,bf11421cbe19ce44340446e11ba3e5e3aa1a1304369a5a6efaacec1684a2c87e
1078,bbb86c7200fa622774d4495d8b169800070f21c1d6aae5e2188abbbccbbc743b
1079,af7f5f79272002aee7b600f7ddafd8164556f27d2ff09f426d4891f45f5e4c5e
1080,f82a9be18ff4134d081eb88c4160ad78664f992336de8e6f09538164a0c478de
1081,56c29a78fb10e566cfba5f530fdbcd09760b2bff23afa781f2db1c39ad0ca5c8
1082,05ef28ffe30ddefcb98220d8d1a0561eb471698c8271500061d1c36cec4a46b4
1083,b122c19e010c1e2fd7bf54c59dcc3c4c78981f8c5ff7e57b019f5f6204bfda09
1084,5fa345bbe29349c3e6e297898d4247dd6368d87db268844e5296e78ea257410a
1085,0c0d9bea3c8d23b39be26136b4dbe7b84c57c81948dd017ee2895f6407edc638
1086,1009f03076daeed647f47850be416566b47837f11ba7ffa9d01227e9c983f5db
1087,50ddf3f49894107c2b50002523e3d51fb0b2984ec2eb103a35f5fa46bb641ae1
1088,f75bde9319df1e138c767476f8d9c8a5403d25444dd5d84d0ad68b09604382da
1089,f1bd28e964cab48df557d034d24cfc172418430ff152a9b1f9e55689c6bab11b
1090,fc85c39c980cb5b320f7e634664b1e768e885ba1f0991fdcfaa1db2510829285
1091,9b3f2eef11f8eca0bd0df152c3f5e32ae387404fd162ea0c6eec1acb4b2dd47a
1092,33dfd73ac63b17b51ff127b42a5e0bbb593c90d571577df6a09d786d8517ada7
1093,47bda0fa632033e026c543f929205c7360be9955751b0ff584199ea2fe094fda
1094,f97db78539ecbdc51eed5c3e0c1ae37a1fffaad544d716cdca56782d05e78daa
1095,64b29d31146ce6003a51028e59fea41b73d01e3967cc893d253b1667ccf13b9b
1096,1a67ac8b53f0dca664d24d7fa4b6e89eb9631e3d5c3812d9da73095f7cc0e7f3
1097,500cef89294d8616146e8f12073d011bdefdd0b2d1cf9c3521197c33e55a1667
1098,7fe4948e34f5a963d967afd7380f5bb74609fe4d5d262499cef27b02213e1c2a
1099,ca8488a3c0e1ab92449a12afd5ee26f74524bbe236589b9784ba1f7fe0da84ff
1100,a421fc2f8d468339a8ec9b77ea12eee10c4f61bf46ce87145fbc11405244bfc5
1101,b02f929249564348077b84e2b7bf0ad4db9a4dcb7b38acee1efb7ace5ad2d92c
1102,6f456d355ae9efc114d150ef94b8692f26e713df797c6416aa81825fc5ec0cef
1103,e4cc9a9490308ce05002a27e75506e4b4d883204a08dba0c545548072b38b556
1104,94a5eafb7f9352c401059295f42a3736f9425436813da96d18cfde4fe1985e93
1105,ca9848eba0475514b9ebfb4582b68c2c5f5f4e5cd68348cb1cb01463bac46705
1106,d4318cf9ce93758fca9a0558e8492fa89979d4ea296b20f7c15bca568312163a
1107,c4366fef9a4c09b22fd08228134c9dff39adc1b298b1dc6971ebade888fde5b4
1108,4f2e181d7bb8b219f76829fe4252f2f5e3c308f2a021114ea75be5bd1b170d02
1109,34832b25d1572ec09fe5d1a3f1fae56a0263da9c46ef6decf28a7b0953052054
1110,d9826e214cf07d4076348412ab2f93aaf82945445fd498412edbf2986e3d9948
1111,c119ece214771c01e9d599fdca0b5b0b3e4083697ea60f9eb06b4d98817b441b
1112,718c58427303599ac53becafaba1145e1898e6b54e1d81b32e26f44da5365e06
1113,5d774e4d2a88bfae604cc5a0e5a2a536d8dbf6c3a13713316fc39b8c2443041a
1114,f7eee5b1c54b3ec6e9a8eec6ce07c0817fbf5c1ed52c3b6974dea6915c2fe40c
1115,bcebb6e9187e953a116442f0d0bf78e68307a2644645d2e54c26a1580fa996ea
1116,13703c0d2395c1daaffa223cb3f5ae67032a22525e04bf32a72f291de876c253
1117,5d4bc43700047bde604b83b83c48ed7d82e53da05561de0f1fba2b7153fe33b3
1118,662e6dbd26d767ff319f0147ac32e816de1a0942b5d6cf79b5453ab5361daecf
1119,76cd9ccfb1b12689958b4afbf85d289f7b894fbd23a74f07510de912568881bf
1120,12eb5af290ad62a854a4f87a3d004f21a0d46e01df38ba4aee8bdaffbbe60aff
1121,c3936a23e0c2cc137f8d004b18cb60caf5dc8a6942013a4c0c58061828ca68a2
1122,3754f88b6c3d14bda30fbb3de51ac0867d8e9176ccb9cd63814f064a265abb9b
1123,6d6ea014c1e8f181905b88e89535edf8cc6d168adc661421a6776c8c868515d4
1124,805902ea4ed7f80f860569c05f7e81955cc6f2481b80d0acbbbd010f2575d386
1125,0eec2cd7bc2ee4e3fc68d9a4459bad34a7d6a995d9064a9027c8cd88e4f5f082
1126,08b183004bee15e1f09ba7733828300bf6fb87bd8fe2b1b01e4efdc5665163a7
1127,09cc2443e9a864b6e8074103f1b93b1758c9cc4e0a9048616dba3faf1a759759
1128,f18a778f9b8317999165553c52a08536c86b149fd553749ba1c97266db8d7713
1129,5307c4323517c89d60123754c1a66dd73bae4dafd14d9566f5cae859ed236a82
1130,b79ec508d6c447f7d0d095bdafb1045fcf1c51c712cc0288adaa4d15778c725f
1131,a7d5e03c97591974af08126197d91be005a315bf0eaa33c14aa19d6e1ff11d0a
1132,9d04b53966c6894b5a44fa65185b824b257bf09634b50f2900e68bb65bfcf183
1133,db346a2b988d684cb21c802f77e3f67885d4a4c2819e10e2d360ad1af2b63cfc
1134,ba8b2501f04efabf8def17536e69711987c9a9b3092be168182dfa0dc415dfc6
1135,99df46b90286f3fec270b34ddcb830fcc2569befa8102585e07f551103c49c89
1136,728cd7050f900cdba0950ff6c54ba36f82b0df6ded7e5d8cef269c05cd5a51ec
1137,70b1927d1e27abf368cf572b06ec3f5120b71ecf437b25d9f34bec754799a1c6
1138,b7a3293dd35b29e2928caba89afa1b41cc03a1357f10fdd33498058a676764da
1139,1a16e3a51430ca49441b94e227493f151d543ceb5a2dc8cdc001b9722da4a2b7
1140,3d8730154aaa075e3ff849cd6421a9ba26059b26c582362ce802c1680cc560b2
1141,dd97d0aedbafc82e4186b51b430cdc236f0be57fd2f5d987cd2c93599f693c2a
1142,93dd337e9b2c58bd87f6ef69a18e2155a48e48cc8636d3fbc74504bb995a3da0
1143,55f29786f35a54abfc3b7a95db9d6bf0639a06d61cdcc1120d9d88cca6759889
1144,e00e8404b920d51f449efe4571a61701a6331df907ba7b6e9ed413d469ccf14d
1145,23355afd3b7dfcbc6186d475ad630ff376d0184e687d2faded74c41b779a644d
1146,ea6219f388a8b6d31358a8f0f16b6a7ba52cbb2779f91186e2204f1a6c88c7a2
1147,3a3d53f34ce36fa4a21ba05a0e94cddf9580e11971e1209a452456b94bc0166b
1148,40e90d2dfcf5d7b4ee290685fcbf7d281379df3b004718e779341fd068392ced
1149,40b72e9215b9cd9726b1c69ebb25ac1475306e719a613e24ed4a4a3a7f1c91ba
1150,e67180b30985edf9b3f550cabf406e5176aded4e16cc6d927cb8de74fd5be305
1151,6b567040329dbd56a5842dac404b5c2a94c11c59dad1786e8650b7e51efa03ff
1152,daae1c16681e4131e0361bd0c8b27a157d787d046500b4bb2dc526efa1c51f03
1153,6b673e3d7bcfb490265e6e2b520309b6ba7700fa2a711f1b727f948bf10d0b18
1154,b2fc385b1275842114eeb1419f3b94531dfda0eee7a79280bf38c671145330ee
1155,ae3d9fa4afdfa302e32ca16b7364aaa86ad939ba28a8996c17fae916d68cf350
1156,82caefe0597d2a8abe527719a62efa0a4b0c829e2280822fdcd272d10dd99931
1157,61661b589bfa4a5b1eff84af97026d6c29619c6440f0fba9a73842fb6c01f458
1158,2432abbfa837d7d07c425abdf5bd6cf94774aebc10c1d542588f8ffeedd8c9df
1159,7c881f8ef3fc0132785e4a9f46d0db5ff399dcf06248dbb0bce63ea821bfbbba
1160,f42c32c1053ee78f04ddaaeab611f0d322c6339b1b915ad7eda195bc95f7def9
1161,449d74e2366637049b2a8f8c6df89b9b217f6d5941dae1f276e1e3a8492adea0
1162,037cd6bdaeff6c2767316f4a1c8998ffaef42c02d0ae724b05339aeda5087913
1163,799df795665a63d0a41e00b6493266d87146e1da9049cd2d676fe45958f86cda
1164,9e70a782b4018fe9d5565d21066288c88818792bfbcba2b026b736455bfc4ce9
1165,656505ccff3559a3b9538e1b91e1d713c2bfa19fc6d6102dd7455c2848d4016d
1166,28bd647aeaa53a5a69e9981ff9cdbc830417e6a04831c913e31735b9d5510d5e
1167,ac857cc776cc69c3c89bb99d2f95591d2e8764310aa0a1a71bf3477f015fc264
1168,55b78f486097005d1f1afceb3e045c376b7d9b1addb9f007b27fcb0d93d00349
1169,5c2efd13956fbab8ad817c3b10cb25fb8568ef68e04497b2b5f053af9dd026f4
1170,04fda55ca193e17c844135d424edb09dcaf13f7173c4d8626097410673aed5b3
1171,29c2dd541c919b2cc9a432bcf586e3176ca4a306d40bd360026eccd3126bb2e8
1172,2652d8a1ed778bd90ff48c1e4a9093119271b643d66c5cf90f59982ebcdd0f73
1173,ae83df08daac9aa4f52862d4156a66b179e7e8b198d1eed87126412eefce6d7f
1174,d60863250202f91c61c4e5614c31185dc187fd19aee71f9df403f44f0d5d07c3
1175,81d89838c69aa6c22938eb1fad39b8a20a4996a8d419135507f39015c442f505
1176,7f3115f90eb27db5d884af6e34fc22edc10621bf85c1890f5fc0946ba0d81ad1
1177,4aa01dd899dbc08f4e62bd89c84964e2dbb123c9a13f11eb8b9ab8cc9970571a
1178,e3af089cd7cdd2e884a2e503e774dcb74a9abdf17c2f180a7d626796321c6772
1179,3f00165f6bef122ea284c752402564b67ba590133b265ffdfcffdff5aaccfc47
1180,e01c0e0ce16aee79ad3ec0c397c82ab77c5419a8d40c35c19f7e6c9124120da4
1181,a805dc08a53d173e7a1b4f1b6de2026bbce8113c555eb1abcfcd64379ca246bd
1182,d7b9baf6d4c419ea8c395db440b97b88cac12d55f2a72fa39315a24b184cc109
1183,f4816d44d901de5f4f2b60d2ad55d18c3bd1ea821101f901ec2c7481059e7cca
1184,838ccdea940f44a9eeb39c3478828226e25e6ae3140dd4af361fbdabec500981
1185,dfaa30cb3a5274b731298c5c5f52ba105cd4fa67ee072f872c7bc000a9df78bb
1186,a97ea2ff08bca4aa242521d7ebe5ab3c730788e5c0ca9e43d6c9e95e15392d5a
1187,a2dd599484b7d2f91c166c7e4333557c1bac3c55318a7905fd88f48e847a65cb
1188,c41d97d8fd771a047a4f14d2f48eca2d2a3b82eb52b2579e3c02fc12f1e126ff
1189,eb40add872d4e2bb07043755a5248bb57a2b07c97019c9ee3e2565a51a0974af
1190,0b586c3ea11002fe9e032b27692f0f1904e396abba570456e478b386d4516abc
1191,6f6b9c4363fdb615b28bac38f7bb52167cd7590330d891f5cf14fd09c19ca8db
1192,5ee746d48b93719b1ba1039cfbb5a309b87d3b38c09f4791438563a36d90f19f
1193,5e77b909e4b862855a952b9bb2f7a78140d3f35181cbfa786df98290c09f639b
1194,b82a7e782b7e4a63852010e92ec4c715f1f7d39f968b883aa636587b79d5ecb3
1195,f44f8afa764b461bf2f9d8e0390465b8685d4fd9705cefaf16d7769d1edf9dd3
1196,1a7ee7ce0c535c16456c2b1005a78b0db526b84b1521500209b78b739017bc9d
1197,629962def93babf7c224aeb5ebd4630c2639f3500fc54ff4838e1d5bbf60e6d4
1198,a04658b4590a47135e66d585352fd1a24ae3d63a89f12aaf540915e44ac2e9e5
1199,6d7c6f4cc33065323c9a436c213befea963d0c69beb6db64fc9b79ca1a385a77
1200,525566a7d0c5f3c7496faf80e9cda9dadd1ed1e57fff7e39b2934fb56347a3d1
1201,7d54367609040bcafde4df9803c860b669b99d1cefc2f25c327d44e02887e966
1202,6456dc7bacf8d5201f39ee0de9b414b6b2056247037a74a62413f03b9d69b49a
1203,142b234288bb72981eafb66b9f77146216e543c8c04c9b1d5237f1e840a7ca4f
1204,addeb66a170347045487c574913adc1fa35ab8629c72ce814ee757c1b24f5528
1205,abe22caa5555d5434e11446effb91f5e98b8874f6790f23ee205df1c2b7905f1
1206,49393ac1444793dcbe3e472fe6898421d2f22aa4661453ddaab13e484f5691a8
1207,67a60a4ff91a507861225d3f8452f387193c9428a1bd5dc101b5d8db393e8899
1208,f19cdc2b48573ebece4da0b0692dc8fd252e1590b2b6eb2d1ed09756c2c95797
1209,2085e6a1db7e5fa9dc77bdcd22835bdb61a11d59d6a76cddcb4cda1de9bbd3f4
1210,d3fd76e16744c7ea8f271a04af3d8bb4a8f7c50bca3ef12c5fd36dba60a8f1e2
1211,13266a353151c06368ff52513055d6642be9d744df01f50f07f3620b44f00d83
1212,04a48fd9de04bf723c823b1071d4ea64471facf5d22e8d31b377517518541d98
1213,e848d17d536b42035d2ad365407604976f3d20b22e514dd52f16116c8f7303c2
1214,e3e12df0e1e874a0445b1d6d60946df53cd7d82c92f551a5c55888ec514128e9
1215,cb6ca69e714b74023259ece8a669b42c6c7530daffc438cf9f8fe34c2a8818ff
1216,9d33ab8ee571b7dac2f4e218f566b8cd44f52e344ac9e1f302668d3a989f28ea
1217,eb15d4af910c39316fdc96e04c3f4bc714df88a5a425b6020c7aa3792238c8b7
1218,59a4b1568b18ced6691985d8aa2d38ae36e3e1d65572b0e5961ee527e70dc9b8
1219,0320dd2fe8cd6308871cf5f1dc0fd4a7010fdd8b3628d6a9b563b509cae15371
1220,2e5c9b12e72b9375526e96c96a1cd589e7fc60f033927e47ccad5edde240744f
1221,d487f5480332af618ecc1f1e1efaf214c80ef6692e5448496ae55238a878bc33
1222,37bd7aa27711bcc0f22bf368e5988fff1266cc815909014d7fecce1ddda67b3d
1223,f48a06b99e01cbc1eeaad587c77dee7163c1aa5f742e42abf705f3406c89875f
1224,d903b78e3c7d404e1d2a2197a064827c55c29239ef182ec9e69752ca50d2c5de
1225,1378c643c235ee16510f76bed7ef8b65a7f14bf09ee5da6f1d7e4787fd644523
1226,09396c4f95fa0f66aa312f90d372b1a7c7db760f49c38e89a27ca35ed9eeb01b
1227,ef44cb9bbb01aaf8847fd0f6d54410ad3d3fd08dd936a9939be612b152814c7f
1228,7f3efa8a8b20524cbc813757b25ddf5acf3815ad7deda671020edafe774e12bb
1229,9a7e963e5a2f115561a2aa743517b47b7fd095af1c0bbf48524a438a6766c8a7
1230,d7f11037d983e262d2fde1213764604216ed7081cfd901224ae2b91c6b585e8a
1231,d9cde7c7321ffd0feb6b33f857be2c47d41fb03d05e99906205c5e9353a9384c
1232,e163e2f02ea9c20b35b38b444fb31a94fbe881adf08647367b17a1f63fd75555
1233,602997a6bc86c302029dc15644199fba44d88824835006db8d1aacccc6fcb19c
1234,37eb144a4b96d4f687fdaabefa7f962f2fa6819d12079461decb0032620c7694
1235,56f8dbeeb48402acef9026bc7a462664588a890eead0b7f756b4336b45d1f399
1236,b5b8afa278361c9859d26b4529decb5c0a4ccf917e36af080468894003e0dfdc
1237,d9d6fdab2955b6fe314679af106eab55ee2d4455637c37681594872540804e0f
1238,448dc43457a1524f95e848d1564319d66fbba860d478ef3027fc4c2b9d62d141
1239,87443b130af7663d132642c61a7dcbbb9006f7ed0e6763bf38688ca58ab140c0
1240,74cb7d8fb657daf05bf2e604ffffa0ea772b839f445a958a668137e21bb1ca61
1241,c898cc4e14c489d8ad39ff74485f34f6baf2ca4a87bf040598988242852ce8cc
1242,6161cac8c23611399bb5377a803c9faded787c3e53943d273668ffa6acbaf704
1243,d22b21b4cf44c01c52639c8306c22c7b22cdc845fd14e73111e6ad44d5f43512
1244,669755e209ab818b4ef2cfbbbaed7e4c8ae64a6d7d0ea40f4d242a32dd8c259b
1245,b75feb41f776bc78ae6efc44ac53c92c83f5beb1ff12709748bde037c55a54b5
1246,979f3a9db5f4b30fa1656c100eaea914ed4e92106bf3eb1e73af2856a7857581
1247,983b035ab6a55ae56be3ee3c9da1f09fdd3f4553f9d1cb31f38502cebf56d370
1248,d955ce1fca503f34895db52f5278a70f3ab8f160284266fdd3f309a064ec3eb6
1249,f9ee95989d645546c41bce594f16609697c4d3f8d581b3b7f89d4cb3155d6cdd
1250,4bc6dff924b4cdcae648fef6411b96319082c8ac6a978e0ebcc5ad5655479e73
1251,efc09146c07a749e62a576efcd5f1408299c859663d1d0fb422ea5c9f282b688
1252,028adda5ce8f460432566121c3cc569bc7e23f6a210c981659d38bd674c568a3
1253,8c567a7bf4faffbbe342025d6a18d22c1eb11c255aa46f98483e873e0e38712c
1254,f681dba71fc1c9c1703b134a020b74df19c598488b9d2257fa729bee24c917b6
1255,d6b77e63362bf6ecf62e33413101a60003cc42b58c0a25185028fa0b5a8e20a6
1256,4c5198eaf2bce866b4af22d478d0dd9b22d4d27ce5894e0f1b89eb040f3ca4cf
1257,f5dc7f70e6fd7b407ac40950e04ec225d462293696f2c955a0323c9979cbfc1b
1258,a7f3433343c42e34d54a2d48790458466363ff309d7f47473fff1789f3e8bb53
1259,bb201841ed7254ef62fb52740a39bca54a33be57d36688265aaa1829b0bb0fd8
1260,f25b2f0695321bcfb235c984f467701067042903b9f79ec8c2d3e801507fb422
1261,ac4d884a07097564e9375150b0f7347595f64f14b6ddf14843013ada72e53827
1262,7573d333076683f51a5041acd3567532eecde1201b6959a63469cb592972ceb9
1263,67bd4a5adb37cc556923ba7e7334fc0c0fabed897b23603772d06c615fd949d1
1264,014cb8462e55275f94ad1999236e304713d31be87120936aee032acb4f29c7c3
1265,3b0b58a46538317b538a507fe6e3aac58f8e06366beadb534bf3b2859ceeba51
1266,311ff614d7fd1af3f993f2367d5d8377f55e460e64f2359790c7a87a13f5840d
1267,4995cf0ec1b4faa3e2c97f73798b2b852442609517c2f9f5f1e8c03cf135a363
1268,1a07efae4e14e244662d976f2cfacc731551e8aff8bde6eaf971825fbdcf7101
1269,40a2fca1d93804ff45a6aabab92ab77a336d2e51eeb90564fcd6ec85835c2efa
1270,7d15604b2e8e823e175b06f97692a1d8a54e78ac76a25e2692f15800b1e6d18b
1271,c9c9402f047968c5b3124cc3f5c14f93e685e86f9f4437b5f84f685fea309f28
1272,b6d813e182c76d8738bd4be79edf0b35dab04f0ccfdb7ac7d03aec9f6ab2cfea
1273,55996f83167dc018f733575cf5416eef2475a9f4b65f2258458afbb150636b98
1274,c78acbf56cb5f95373afeb89fb061850a15d27ec9e308e7dfe7753e0dba48638
1275,a0529d25609dd41f1775a0e1fa1ad5c141b2bfc3dfca3fda991dcce2b857e53c
1276,9e9f029d14ac4b8841b786d796ada5b1e7454683d1c092e15376035b82bd1607
1277,e6877dd9e16fbceb420f650109af21acabb1ca60ced14fe01578ecd82f24dbfb
1278,0ad12e5abf713775dd0bf487091ab3770cd9a3d16b8bbd5ae28120ba61e7ebcb
1279,afa2da16ad005f36998279e7af642ac489279fbd7c53110b80d3a74fa1801f43
1280,9512befd4ce99085660128b4884c4b45e3e6b16c43d68d4a944ebd12d525ff76
1281,2284f9cb936df086a34684b646ecd99cf5d31d019d48ef9f9b6738b079a37980
1282,da5289eca2bc07b44931e3f9bde782bab0829ab8ab7e6a6d1d06cd8bbd8bc443
1283,4659eb83dd6ff4f7b05ec84b6185c06598fc016a80e325d5cc33b290b62f06df
1284,60afb9e2f941c40f475bf792dd9bcaabe6a4a2abb0ed83675d92b130b110c60b
1285,ece29c51c47130befbf6bf7f950fc3bc2029754cd66ec4abb20b5a1a20a7c528
1286,9a6e9f2b61531a1109abe32476bf83a751af14d8bf0426fe0ba67fff840b4b76
1287,2dd878e1baa3f4af11519b95d0358847498bd1dc2095fbcc7e0f44069584a9bc
1288,040cbb20e6f1dfabf7dad05dd347dde63da71d559c1d77553fcaef852b93f7f9
1289,bf62ba048c1802b384735c3e369cc7bf776a3095d263fcedcab6e3c39cfc3b90
1290,26c599f4e6bc4fe469cb13ce78fccbc7f062757fc6a8ef63ef66c1a66f9663c8
1291,601a881ef1214dc9aca45def2ef45ba212bb138934b0e70f7ba5c217428b9aa7
1292,e1480779b55ec1d53cf61c6cc0889c27b7911d54139cc40ac956c48a2e0649e0
1293,084cb30e87c24e327c7757cffe8b87df56bf93d5eb32a6091fced98e85457847
1294,5e0440471341900512942b2ff599ab2bceaf84cd9b6285a05d6b9777037db868
1295,10c17551db1c8380a8095ac644aaf1561da346fb5356e6b26fa06fd5932a719f
1296,cd625c170b0490b16e024cc7b17dd07abeb78e99f1c79915db7662eb5e4cd408
1297,2bd87f1a9aa25222e6b9f7707f9e0d0f26d22c22bfe02bfe15187d73dc23ffa6
1298,ab414456d6f51a65bce32ae8aca0cfb4cc713c1537716989c932a30b71decf1b
1299,07081b164a75bc8bd3dc5b536e3f13d80396faa42c36fcdcd1633ac64849e67f
1300,54841918a5d3c2f238fe158d0c0d96c421bcb805843d5782f25cb0bc131c66d7
1301,6afca7f51775c2bfa24d44d16a97fba96163075a3956bcd482dd7ac6546a6c08
1302,9ba6859ba4b764bd6efac5a26096ac08bd2d462477f0913f101123c832833ceb
1303,14a098e5e72ea328ec2a69d43fa3c03ab89d71c04b0a758206d6e8d6459e6e22
1304,c4c8d5114589ece31f2c236b95892dff9a885fab15bfaae231ed124fa8dcdb90
1305,6ba19e31f7be97ad9f6b9af04edcec3e424d7ca0d92bac5f8ba8f1a0bf9c0fdc
1306,83d0721c8a37b74232af02e58de8f0eb1c9d8b332b4da856d788c9cf1a60925c
1307,16f7d9ba1ddc1d787a8022079b01d8f424cffb2742e603e0b8aa8d6bdfe88364
1308,cfed896d875ba43e3b14263dc2ba7ea8c31cad9cdf8ed6dc95676a1b4ce87949
1309,a6a81874a4eec891a2da09184bd781ff1cea7fd53ed02b91fe53113c832c17db
1310,70f08d00e8f0db22c00fb12117e541d914f6244bebe1f5f6d8db095fee611845
1311,793c695a9c7fa370752b4f4f0f50090619114606df7b46eaab329eac98a2c8a0
1312,ca140638abf4f81a625b08ec196b51051a196258d3da9c23282ae2ab6d3651c1
1313,0c3f012db56fa5133490e9136c0a89da6f4c9bbba6c83053ba1391aa85667e61
1314,e393ebb2437fffbb6adb71360967faf396f3269bbefa3084174202b84e4952b7
1315,a7b1a48cdd72fdb48d5038aee8a0699509a90c1c852381e99d6d11614e83190b
1316,49f85851121a97084ba013de0e952712474627b8ba823c6c68870e2ab5f52490
1317,e88a4699c56e77140cabaf7dc382569254fd870504dc19dd25a539e7d9f419fe
1318,a5525e29b892cd928f51d743ddf1668fa123731e5b1adfa2e1009389cc798528
1319,f1dbf3bce2f7f220277421d662e6214e7dfb7f2bccb74da3ac9fc5cc8ebe811b
1320,48591424c4b57b93977e16c707a72d5b57a48b8d3a25b90e1c8c6800c3b23ffd
1321,bcdfcb61ec3ab5c429f51ed62824fdfeb32b4bcd59d32eeeb2b3ccdc2cb37c73
1322,0c9fe74ac01ac38921268d1e125fcfd2cbe0b545b4480e800746029aed9372b6
1323,a819dbcdc337868b24f06ec076b36e0a372cc0adce9df30241a8c1046edd5e39
1324,7ecbf4e046b42593d83a23d8f0fdefdfdc3716873e261a8cb70fa0546b06fee4
1325,e39a01e50058568ae14e10ceb910cf3805edcf00cc557cae06714222b94f1020
1326,d7cd52658cf20ff7e663ac75b7cd854b449350e8cb572a4fd18d1ccc1acc8eae
1327,08fed84b7df01d90ef419e436dee483845219544df0676ff8cf705b9a69c30d3
1328,16a6b8cf859ab65d2d92fa248772ff62d392b02f1604f347d17f4b490774362e
1329,55e06036d399f3ef125480c42c5323ad916afd786be6e676269a2d796222b4b9
1330,7ccc883c883526522941fbdcede1f8fe66b9f166a66ad2ae436e9b803bdd8bdd
1331,3354e036a3f4b1284e5912aad867cc70aeb46bfffd169b7bd49672d31ef52f2a
1332,5048d185eeedde522d02db4a9fb4f6f1f671df503816ad0f9c10bef7e93b81c7
1333,f3f89dec036e7520dcc0b81d739c479bbdc652a3a07544998c73451547ba0d96
1334,eed5a6e3fb359fec7a3f2953e19b62ee578c72e668a77759ee2c34148293a40a
1335,e82eec4972f5c2682f3ff63234d3313e92dfbf2c8ddffb01d1c3f57dddecb0b2
1336,8bce4d479231be8708f47951c4957e72a75b5477077e4cbc721de3280300527a
1337,c5ba3906a714e8e03ffc75cb747cc841883f00caf1d3e1d31420e74035c012ad
1338,439f9b31b9b44321f4b8127713645b4ef2e1c1055d5f184c78a511778317865b
1339,16527516b9550a258ce303d26170bdb78a8f50dbc48b714b747ef00a903c4cb2
1340,0170897aeb593abe492fda3cba6897ce1830e73828d3cc9e34d6a9f79a8e6146
1341,533118ab834ccc067f4cd094d0f59708daa936f3060d67ae9307f45cf45af518
1342,8a388290701115c1a87dbaf768daed1ec27c1da9b7caa836605fea864db9e930
1343,10828183a706980d2788ff7229c6cb34c99ae1e81bcb6e202acef0847f474fd8
1344,4e694bd7321f8b4b087ebcfd40c51adeb224a08ec68bbcfe3f90b41aaeaf03eb
1345,4dba5b44b8966cce6d99af7b3d212ea65a7e59d35f96dc9f1200e85ba662c5fa
1346,bee6f019b03d263cc5f8435192eba99c38106dcb2324c6967e59417011f6bfb1
1347,4d3dd018306bcaff096deccad1636a8ba11364fb7c64bee9583e2f9e3ab26c6d
1348,cf5ca50aee85a553ef1b2159c34e2c1fa0a098483ea3a5dc06f4a69951f21cd3
1349,a41e4782e699bf7d64f6d5bf0b67d5bc91386d33f123b600284cfeefb4d969df
1350,2a74e10e77619c1f4a977224ca2a2d17f5adcfc8cada3e211462993611435546
1351,2d243958b85f90bef011e93782ae36b6a0a5ace7812d831682f93a1178b3a954
1352,f211b8614bd54026727833aa3a3a69c2efe8da2d2f03c3f8d39bdfdd2a9f6490
1353,a3512235c9a71199f15da773644b100d8b78d627cdc209e8290eed67125a0928
1354,b87ac02fe70ad7fe809d8e2355fdd1a0a9fd61914d77a44cf95315844f92b28f
1355,fa21b905e26a813ed0ac3013e695c78476e8b8640d1aa7abbcf8d865c64783a8
1356,f3fff68d8fdee768a8da7734f243b04ac9f98691aaa9395c5d1182f65300bbc5
1357,69bc202b8650eb925b2c7e1b978e1b466d3e3d2c269b1e6522b74d3e8d833e93
1358,25787ddc98ee60842a4a0db79e67bc9e0291bf8256026e76d643b13013074e33
1359,2673178faf9d22ef345d29eb3b9f61b0e4bf84c3d4eb099ef2d71c7ff3a39e28
1360,9f4baa8c2850089435731e7ebb5b680c4010d5014b67588f001dd1e5d5841f98
1361,53bad66da23ec75093e9e49919940130114ac5ea69b5419fc7969d637b1cc319
1362,fba4f2e87c98546f5e9c5a9b91458e06748eaf0268cee30c9fcda64631deb1e1
1363,9eb7330037d5765542311b29fb62585a337445f3231bfe8fd9879e67ea21d423
1364,940c1c7a09e794f580f2aba0e8f90241b1eb0e9d0a96f0a90c601dc5b2316f00
1365,c1384997f6f942a1859f1b107711c71eab7424d4c27e2dd939e5b02546ad2093
1366,9dada0381ebb4597ac7ed5a0fc10d91a3ca359dfcd8ecb120767dafb46ed7a57
1367,0d6b0b0186b8b377a91992d435578261705e8f0785513b2529d685e8db629563
1368,4dcd1c8c89bb57a6fbad010cb57bf0507038d2e2f5167f99638cc41185b555f9
1369,a7a8d791ca2cb57c2d801768e6ad56fe30bfd106e6213f9418ad9294d1773900
1370,015caff6330941b45f4250fe81d1db7b331e9a609c3a8ad68986c59e37253688
1371,58a5a474e46a22af01134f2ea9b9e5c205588431e0294331fc5d6c0a315a3391
1372,a6745cdd9e0770a67ef0215924c45710abd000883fe53e97b5c2d717b0557449
1373,0b4a365d69fda803bb3952239a3627287f2aaecc94a2441db051485417d4604c
1374,bfbf221636f0813ee5663d0f86e56a0e7c2756af826a6aa0f04e5ba48ee79c13
1375,5cba76ff3f12e668db30d422f6a0408649f2715e63fa19e04c80c2b49076175f
1376,10edc01e14c2e88189e27bc2792b51c4d7c95f1c6db2c6688512c5693f0667e7
1377,f167d4ce263060362eb7a01d7f38eec739150373a908f77473f130a78721b42b
1378,a79a77372d3a765098129b4f23fa4a70678ea662d9fb172ad150443d424ca70a
1379,2a297ba69a852c6d77763670b60cee145b5d95fcb40d71830c686ab1d136601e
1380,cee44b3809668952e4b5108a1d7098837e1f806176679470da2d55776f49b8a2
1381,922d45e55ff583e8545379294e7e956751c01588c26223e3b4993c1b7750be51
1382,875e4f7dea403b973da5c37cdd2ad187cc917f3470d6f1f97a2477274fd1ac9f
1383,6867f99331592e8ca368f7a65be4379e71cb55206f54be2285eef3dc770d370f
1384,196f7b41f272f5fa7af592533bc77486e211caed12b3e193cb813c77660585ec
1385,5e984d5beb0723af3d7924652000bb8c6873d997a432942fe64412d50f716434
1386,f8e2e6e488c7b47f544a710556e26c22fbbc6f8842232605bff22956fb360fc0
1387,0328650b1e856ccda6d2c715799487e91bb0384c83cb0f04c1c43ef9b1e4c480
1388,43b0831e7c510fd7b9219e95182f32a818338dbbe33a01a1dcf40cddeec3652a
1389,b52a5f79a4495b479379b7f6ff900a7cc4aa07726b8d706afde2f5d2e2db8052
1390,32a1ef6367a8c2781b334d8f5ed4101e3e783c54ba0f46b0871107476bf36d7b
1391,fc687aa46014fc1f8a9e4dfffc4599f9a7c7048d67bf3b7b979fe14f83b2ff46
1392,2e48d17206750ba7a05c31604f5c701118ac8672de75c637c533a439288d9e75
1393,6696b39a9ba674565f50288c45387718c8c6508ead952dcc0fb79fabb004ef47
1394,05f67ec115054413804cc284cea5d8ae48470975db766e531c84942c4ba8a903
1395,e382e02d8891b0515defa10f1256f090358a59a04ff4890ea2b077db195fc464
1396,b148554f46d8f41ee35766513a368f651f20d312f4f2b555642ac66f296d3bcb
1397,1cc79d459fa639dc5b4e6ca5642541b973489cadd3a7f59f37443b6a7f038be8
1398,02bfeace0abc1713a0f52e535c201dddcd866cba74975cf4fcc65c6f41c1d4ac
1399,ce5a6c238f1c78ed0a77282f74966b7879db04782bfdee5c7c235e4f8652fa99
1400,953698c680875d341928ba596c76166681247b5c42347123fc5fef1c1ffcc5ea
1401,47ee5b17de8c4f355c7999b64b292cb676a07eb275eeb77a1d8b2d37b1fdd9dc
1402,2287a5f00b73ce12c2a29d5faa99fb4f807f03dbe079e1eef539a1996699713b
1403,52d7efda1e1f396eb50825ee7b2da8eb8ee2d6ba5c4cc51ae1215faf2fe1502d
1404,51d4be5e65e91bf210edaa99721adc90bb3dfe650dc831df3c979dd65c5d7386
1405,7db84e3442b4c3dcd9712e28029e0ef444c2d1e946b672a247ca7201ea0e8b07
1406,5e3bbea9b660ddb920196f7a8ce1ca78a263499da13695616a8abd5c6e54862b
1407,a3283c4e8360a7a5062df5f8159740e9b4f0b4902b5d73d0b7045b2bc0fd6915
1408,adc40992e9b89622631778d1020ecbfb41451ae02429d44fff74f12e3366cd59
1409,002c18dde53740aa9a5c767e3d64580ed640a75d122b6f362523e80693df6b80
1410,0b47724eb527bc6b18d2e11080ffba751bbb92ddaa6e6862c4bd4bffa52d69a0
1411,af1e0918fc47392498380507beb4979fb2ee0762ae4dfed8c7963700bc4b26b9
1412,0362e213c3cac91ba2ee9c912c9c9f726a2e9c120d91b9cf8c01811b2be2bc70
1413,bbb9d0b1e500e3e8ff1c112f76a011baf6a423450eae04b90f1b4f5e4aeba25b
1414,cdad9b212ad811500c114654427df8662610e026742e4b06c63fc485c1ea9c6d
1415,5325b5b9b2691b4750f91c3ab09a5e57d364c523f7f2f844cb2857e7c43d2649
1416,65212a914046893b76fd7baef35ed78d280adb5fef83ed321a603f210bb1f604
1417,e8cb815f9b6b38984bd4ce2007b6eae86b8fa7c0942b6b76d04c459896229b1c
1418,223d9aaf17d17735d8bee22e25537b66165154a4cc78db92b54536ff41db46be
1419,4cdf4c793ab6c193a5c4dcafdd10379b707997889b04e055fba3b69602cc4e18
1420,cde9aebdaedb9043061ac81d890b148342cb5d5908e8edfc45b8ff7a3d8248b3
1421,2422452f72ab49f9c7b0b616335c4d793ac1bb8703830d35e57c60a0bade574b
1422,95487a4c5856c74ca060fe4f6dd2bf010bc89c6528408d22bb9166f26e6e0220
1423,ae999b3d0a93ff05b3fa94350009f8a03f86d14ca1bc8ad4d6f5c9b7c966de65
1424,96a42fda331b82d21e5b600ed14bc403be48093b7a5c5f4dc76300288132324d
1425,ffc3cddc7aec8608845648db6a7ae5c11221d5cf07dd6093860ad4cad231056c
1426,8ed4915eb725d820f940d29028143491c943cd140f405b37e9a93d62512f190c
1427,b71b791954f35f06531d9470ad3995e925a310d71aac30f69e1e48a97169031c
1428,9b9b77ea59f5329ad0e2765ac3c2f7f7beb5179056a38addde3f660bd9a37cec
1429,034334fb80fc6b44c4b58e481b9c6ec9428d349b00f6fe28ad47513a6a04db22
1430,fa6d59f7bb7cd9e575c0524ad3a1e5f529e19e7ec6ac3a5800d1f3bb10a95db8
1431,dbaa5ab43d8b81ce333cb9d93b5d3934ddc86cf00a5c3b2c31171cb8a87d3620
1432,fa625ac4f7430e07460b7b7884701329a83585d1d98e7fbd70ba738ddee0fdc6
1433,e3f9ac9289e7a40e388bdaf7065f1533af70dcb7f55771c2f59141e80e1b489f
1434,c28a8d399d2b6ddf4d350f9ff0b693d43d5992a51b3b0cb498440872ca09cc98
1435,934ba4cc1259c00938a04f05d52ff748baa9b13135428d2b0074a922eec8cc4e
1436,f80bb3d50873548791aa810b9d39c5cd964a07ebf7d85b52992b8af3a14b84ee
1437,efca13cfaf3c77d1abee4c1fc26d69d6be5e78395b3c875cc9932ab46c062c09
1438,052e7f242c8e87c66978e4f956ee787d4034066d200c3333d24d822673a2708e
1439,ace87a5af90f720d6146f789ba43ae9a660b3a444ce9ea06afbb0fd5c060e524
1440,fd28d6bcd952e443bf363f48e44861b00af540e88f0d41878876214972d4bcc8
1441,e750c50fcac0d96e52d10ef9b63fedf4aefb9c4187c15668065043779c93de13
1442,8a60a79f473372da9a2272fbf08b2437c722edd12bc4299d2f397ddf01493faf
1443,b5270c05ffcd1118e08d82248562b1206cbd067a2dbda4eb12500a782351b758
1444,47e5c1ef471f35f9bcddb89ec00c578f3745b67033b342cebba700d2967279a7
1445,6107b14fb2d6992da3304dfb761bf1925cfbf11298b595b0996f28f523159b46
1446,01dd624c1ea0850298d532bad22e4c7afbc960bf234e85065758cab059e06dfb
1447,dc42b857e426fbde535086d163fc73c4d16d18b80ebc642307c4153fcdd852ea
1448,89a738be1cae587709d281fbf05da4a1821ace45bb57b20b602d934aa663ded4
1449,1fe22bb44beb5a0ffa39e09d4322ce927f04a521c278f41a8fdeee5234bf8b44
1450,d82e75845072fcb06aae6d9a48ca6a1335b3d6c4c421d39d6cabcda1874389ac
1451,4c9f1a82a738481cb72ee395725a88cf096dbb0e14793a62c2a9b3e51eb26df3
1452,72f5583ece0dafccbb5e3c7b98013a7b83d72b65395e2bf79de1039ca6eae5f1
1453,054b88a61a40163a45a136b5d94bae428eba18e767373901484755eb042b8e08
1454,26d12d70d9b5603232281aa45bef50b9da8ff1de107d38a4bdea14b150a073f6
1455,be3c0a3eb1334a572a815bb71ea1b3c9a6e5f345c23783b312a89ed1d9b03bf3
1456,0f317842c5034231a9a922156587e0078e564730bc20ab1485407a5b3a3ac9a0
1457,9ce4f64564f273ab55f7b4425d150b0b7829cc865e42602e561e791d3f447e3b
1458,73d772351754184028ba8bd46485a0a5417e607cd1f9b5a8d4fdf7a14e506f2b
1459,c74a79a9478ccf377d6ad2ec876cfc09b50fa7e5b5859d80285724fa559dcd3b
1460,8dcce5436c522c2df45312883be361b6a8dd8588efee0dc719fe1f5abdb778ae
1461,7f80928a051f1b790220486ffd594e270e7985e75e95ee9c65225627e745cbfb
1462,61af304730ebc570c8eb03f8eb4224ca25e1b16b5f876ab263cad05b0c74b15d
1463,2a3b7a25552fc223a82090d40f361b9770c6a333fd34c1738443964b2f39cd27
1464,9e3606c325f0c317078ac17542727e67a7867d15305cfbdc3022826a1a57399a
1465,c9686427484aedd58ddf7956cee5f825fc329110efc8eb50650b8b44891b6f42
1466,4a75a54cea31a7204d5604bfc1ff9ce6f5731680c7c9e0b10f0783be9102c8a8
1467,2d9b3429e8466e6d564d3628cc7bacf1028e26a0bdca37de287b9739efac0b2b
1468,ac367517052d4280a723b9ae903aa53fb34bebb672906174913761b19551f3c5
1469,226fe9f1d02028596c658e85b5c50e64385ad470bc851071e846732cf504d9c8
1470,3dde4cded30bbd2241168153b3562cf18f07ce9c4b4154cd62efacc7385cc4eb
1471,4f70bc492f391729b85c78ffa6ed3fb2cabcef361d41066f95fbc7075a5b49e2
1472,4cefeff12710970a7fb2b3c9b748daf1cb54b2c9880f92527568c8b601cb699f
1473,6b8c56e6a5d36509b5d9f1ed252966316585bb5889c83fd65a5783353468c862
1474,862d2ca41f33aff52c38509154e7e0572174d5cf57fc23aef6a278728fa7e9e0
1475,3c02550a8df0539cd58df637f3ed0780355c853645db007085459a358c140fdf
1476,549af509f0ef139cc423f552c2392f7a3bad5e4191d8ff06ea863fc2cd34d417
1477,6f35deb4c308db4b9caf5be2a1e8532341413eac4f3f9c0843fbaca0e008ce3a
1478,c1272406a26308acaffb2e3492805a8b0b3cc3fea4bd3faaf2ccaba2284cc330
1479,b1c846bf6822c3550192c6df2656369fd692d9fb9b42555b516d62b0c87cbc97
1480,36c5ec462e07f203b569e42bdc197eecda79b866c5ffbde41c394ed5eaa35734
1481,c6bbb922537c79fab91b2e5f7e25ac32aa2e87bae3ce4724564dd51f1da5122d
1482,98e875dff1c1ff9eeedbe4bd160a9e88be89caffbb2c87b7bc14d23730273f70
1483,e32021775f37be5ed798ade80858c70b68bca30862db39d8373df99d671eeda2
1484,80269aaed590ba9b6641e8c17f8b24f62bd480b4f058e6ab068172ec17295c88
1485,e7d73a65a069a2f9f0ce70e2226b117ffc21b28a4fc97b4b266e05117f016eb9
1486,bdb76a31d3c01b2d0ff9579b97608ad99931a07a90728828fa63de79b2fdb973
1487,70f33e77e2e2b3566dbd1161079cb2715aa1fab7f0cda79a8a40cd4b327dfbcc
1488,fe0b6427f123f5e277219db8591bd04703163932799e52ded21ee04700b7b5e1
1489,ace7d0762c4a459fca26d67fe1dcd0b866c428f89ca08dd14c7fcd7f947a1c54
1490,b28e9cae38a90503ddc0cf065d7242b8aad24e2dfb9a5bab3406d4c0c8c65272
1491,2517d1837ca6310aaa3a473ca8d63a8166c6d5c13db1d797801e0185b3d64f92
1492,6ca7fb8824dbe3ae48a965e8d6b85365f5fad7535d9b9f7dfd275f4dcd8b6aff
1493,470946f92f4301bd25bc50a305dba19ec7c9be5c0b7d4ae302442a9ce6c16682
1494,72fecb6af5a6947367d6d06514f8952d6a37c1a3f2438f7c2744e9c59e13cd19
1495,5e58ab09d2c722b224c6c11955768ef6b454baccf6b2fad9a77a1a877997347b
1496,a2af71409d101f707189ecb39debb1df402a84e5c3646b919e4b258c731f04ac
1497,1ec9b13f433e2ac4df54e7e178871c1cf135abda9f66bd810b046fd600ea5f39
1498,63340e3057328988c07e8f61ad5391c1b53322f1bfe91f43d75db36ea596d134
1499,3473448c3b7f11be764bc4c53fc30754596c3fa58377e1aa34178c6a822f4d7e
1500,65427af798d6e3b2339f83186878054869003e364089ab63a782005262215dd9
1501,93b293a6464ae8062cd85e8756968c6ee36df5d7ba8c1ad404b405b7789e53d2
1502,079519b8ab33c9fbebc3794fad0ba4c973765828637ec079a0a55aa5f1a3aff9
1503,9ecdf749cf54a9308165682e594bae2666ed9d58f564c0d2d124170a539e50ee
1504,6599c5c7f9dad4b7880e1241a562622a29ee60329ec9980a6e6d683ae2c52276
1505,f63785d877302b7b404849fddb86d579031dd1d2d80a1379d19d369a2394c312
1506,36bfcdbc1d20ae79a8272a6394f0c9b51ec98c5b6c2b8c1346a5e1473dedeb8e
1507,efccc5357407eac113a69138502ecd4b05a1cbf929b362264979281b54e3d592
1508,414e9d23e6e261a9a2176fe7dcb915763b315181d046c7d9c1361f0709b5a7a3
1509,5ba55b820be7e53958688c7677de60e20c9cfcddcd4c24a842e4aefaea73d5a8
1510,72a397721a0ed315170bafdc1f3b10087175bea91538ae5e61c3759b01d16faf
1511,13b902fa10f3d5171bb1195f3a69d22ce35bad72920f102bae48118aa60113c8
1512,692cdca618045287128a2c918c81e742c11f450d464e5d2f5a7e84bea8d63999
1513,5523249305fde8e911b135c1cab6c8d1889c5051c6cf1d11d6d7c36ba95a4ee1
1514,0681027060b3d7f112bddc1ea59d17d77715c1dc10c6f390510bb1ec132a25b3
1515,1b6986ec9a9c2f251aa833f333bc85db27929c9ea0fb0b7f0fe2b8d686460ea5
1516,168eb71baf9c16090c5fdb9d721da4df2801d5aa484edf6a8d07eeff4f765e9c
1517,ee76e7e1b7ed778c13123cf6a261b5ceaeedcc73ad9c67f2e7123024b85933d9
1518,7f62cbab577e0ddda7dc2070eeb78d8135678ccfe879557e007d6b4148a4c376
1519,dcb445b450210c707f1cf2cab0e221b2a3828b27a0a30dfa0b016bf5a5a65fb0
1520,51e262660761ade13d6c45315be6362fdbf4a82d415f785bf8bf71c08d0342cf
1521,b3e9d3d5574df452695f05dfaab85192a4ed57606f6b1be7f02d947ee3b6d9ed
1522,fe2b1638ddfa9c310dfcd175dfff2e3e8364f96d4186b04f90cd62b1a21f279d
1523,41ab26fe0bb6e5434b901b922f65bf6f39db8bffe0742df507c32255909b1a7b
1524,ae77943b68452a8aa9a21a3d047983e80ce55a67188a3ae7f4f85687d0ce5dca
1525,42ead496e9aa66c31671cb7fd6fe86f6a6662a77e57fbfaaf1e2cf8fa6a1414a
1526,91f83511af3db2ac6986795fe6cee45e88f46eb64fa2dc7c6897542372bff077
1527,2acf167eb15c9c3f9fc17e5219d601b5b339fd5e44f909bc04eeaa3f5c24df71
1528,5a480aa215b63ba5184c5b0d40c089dc47ae4a7807ae7e1e1291261cff47587b
1529,a89e0a9c2f7061ead299bf65f923a9cae9ba1f5a5ba8460b7e94e7aaf3beef20
1530,1b1716ed4600c7a2aaf0467b63cb11ab69ecd75194879265f68f56a8d4be7bdd
1531,d549f32656f91471e52f37eae4f477ad1e8024c18f92512b86276bcbe4887e7a
1532,eeac3926f8a576766861c81826c863da0999c0e06e42354433c3372a01397d71
1533,e567ff2f3fbcf99d5cdff2f8ffb2efe00b09c97ec89304fe6da4a8249f157398
1534,763d513d6d07235304a369379a0e85634a3b8aed54102f36054eb35961069a4a
1535,89ee64688b9c52044bb5d81fb6781b39f5a86f0fa6d4024ac678015fcd4dc60a
1536,5a67ff12842b4a00690f8d8ab1115cf14d7b1d76667d779a36dbdbaf84cdbac6
1537,156b3db7e57bfa85654cc388de9c2089fe348514bb4244a3be105c0ca204ff08
1538,a587a73862b268caa7f54080a513ca10af738c16afc7c85e3762ed9759be8548
1539,fda52579236495dace0a914c89fda7fc7f0847b690b4314a988e375eeb4e8c87
1540,63b2df55fda85a3f95f7890e257369f68f1f4c9a53b5b2288fa80d4daf671043
1541,e87290cbb3c02b169b2e2de72201a25c3d41918dbf047b557d4dfb34ee1f9bea
1542,e9f333b06c235ec0bf7ad219e91fba0ce0b27973199f066a6c39eb81eabb2d5f
1543,b1f8c8ff950cc12872f37fac988a227ff3151dad15cba4287d21a63e0d2def85
1544,41b05b0e03acb62184e93acb4961691a8e68387d971b7e33cab6d0268f7475a8
1545,c2e77cc89ad0cbad8c2fc10569dd7416a5162dd13efb9d26b34833e60b139f7d
1546,6d8fa8579c91d294046b7d8291eabbf678d439494fcb26c73f250393a5fa8f62
1547,117b44305263d0b889b1a53fbde9253923f6ac19047aecc502ea29d152c375ec
1548,62617d4b56e782f6affd1f5a56ac6216993f26fa5364add027fcdeecd06dadda
1549,784ca45f47e8867e6d98d9fb6661fc20d896c242f7fe2cfee7da764ad5deef72
1550,df1f55e210ce27eaed894acef1959b7eb065fd8868753e271325e00d147f2e0d
1551,28d7adc1b8b9a1d05cedd1889b6f8cfc1a5a457eff940922c4a68b3e43077b4b
1552,1edd567f6297b7cc43e79e72953d18fd21ba196556fdc2b67c4ddbc3fec098d0
1553,b08bfc39059fd4706ba2395c9bbebfac675990fbf9cc1250f5fc175e49baef2b
1554,fb51dd1b08a6c65920f0e9ed2ff7a2046b64f2e6a4fe4fbe9ec0e6d9713acfd0
1555,f8c83a6cdc610f1cf6a4677838f194697ba2699d25c56492ca9eb6594299a10e
1556,b21d244ac63f27eae1686527cd42e76779e0be731653343fbc1232fb7e906f04
1557,a048b9b165024b00e5985760b48ee6187219fb073e1bdd10dd57582952becced
1558,624333cb167a89807443e7682e2a45767c6c71440fe39da691487d4f6cfc377b
1559,456af3bd939cc25826dbd231d79ae8a6a97a498eb3613ad4e986375b72947647
1560,d5ba682bf02d41936288015a436824ff93c590e083bf7c4542bf5579aa93f55c
1561,384492563f10e3aaea87420b4a418262dbab9d30958770267402b89bb553d164
1562,d3f1f71e603d3eef583a75d506d525a1be1dffa234cf416a51656872813e7207
1563,5aac4ee7fa06b0283e7b08412992ffc5869aaebd3dcd9f3f4defa2ab90de670a
1564,d6be5c4d94e5358b3739b5d4935b41a24b11249cccbbd3fa9c4c48e62dd3622a
1565,cf1250ad3febfb1b4b1f63ab0f5badba3856541b2aa13a76d479971d7829960a
1566,0f86134bfea5864f385f2b8a04a5459db69158e9260558c8a05283e0d2c2cefd
1567,fbce3f5d0278b995d86aee88bc7e16dfd594b1b76c0b78a134820a9865072196
1568,cf2f623401e4b491c37c898e7d67b5da5a81b40e95cecb607eb176b8af0275f8
1569,cd07268ca743d61f8133ce1a57ecb71084a951ee573affb3538fe3e71c675fb9
1570,94d4952de160b4557d577b28fc8e08c2cb135fc196eb3d9c592717dd0a80fb8d
1571,c31bb9c2b90b5b151639d7493da7763860176d95fccb3ad2ec41ab8bcfefdb01
1572,dd64d423b853133124975cedd4fa430eaf37b5b48c4969be6cd968f223648f6f
1573,fb490c05864e629092d946e6bf6dad76b76be61b6d16946fc4a3970b0d32428a
1574,4c37401246d2c06cd44022e10c1d0e7e027c9ecf37cdcc82225a9101badf4a8a
1575,966cb98a0503f42f3d3f4a513499bdfd1b1979091712a8be510e2dc48cad0a64
1576,21d55dedf659437b38626961802475d1f1a54c0e8017141bd1d662e056948e3d
1577,d7de5b453c8b94c8d22b8664b2b367d537409deb748084a478921ad71e06d83b
1578,6c5affce8952192e3e85a51a95a98ba2adf39d08a6fa42c8102daa24cdad0481
1579,5750f86e65373bc2205dcf6650159ac2543ee62fde02dd0b93fbf7fffa71f8f4
1580,a80243c7c5b16ba6bf00df60cc113bce5558e49536c20bde20d1b4adc44a5bb6
1581,73b8181b982fbb0ce0153379540ceabf7d8445152ebeb5470ab5cf9481da703d
1582,69540098b9cb28cf6094f4ec5e677bdef17d108fa08a87676d636ef5e277ccd6
1583,b472304e02950cadb1a08531e9b662361582743575504119ca866adf03e4b02c
1584,4616df08bb063ac2d5893d3c7882a3c9e9537289f879baaea80d703e49b04149
1585,5eb9c3986cdb6bd71a420be3f43769245f6e2443d32d791136942344f1ca7152
1586,2e1d2c237a77579228021d10bb7217b72eda61b235da28906dc6cc6debb001e8
1587,af39aeb8beefe2cc5fa2994dbd79411813cf835896cbe0b7a94c969dc256498d
1588,820ec90fb6eca373086b4b9d75ced174c86eadd8aa5001413776af857bbc04f6
1589,635d48020dce12849ebb1167b1f911e8096d750fd3334127d7f19136454ec127
1590,95ee702dee89ae1194a560902a3a2c145298c9fb3be216d21f2dcf8eb7c555c6
1591,910005f780413c1e8c72d7288432d2f99967f2cd70dd4274c7ae24e09ab3ad72
1592,4873553b9fa57ee6522713f0a88cf723dc60e43e71df67c2e9e76686efca9283
1593,5c2cbca30e0ab0f2bbc487744a8cb9465d71cc7cb383b96496fb82d5c722b301
1594,b84455d8e39e5898a1ff1d9d5f12aca772b4fa72f0d84a1981830f49b04e4bf9
1595,59b15852eec85a495b1e9b86d701e724943ea3009a22a4637559fd1dfb087986
1596,f4657caa46873a19c86b0f61cb515d40e8e26f29b251fd2d24e54034cb2ea500
1597,615ad0ca9f1c719a8ecd4270688890c0c31eb825537adc1a00c841ac85fb89f0
1598,e05b349f924cc8cf2267c0db98c3585e8fd67eef77897cec2e1012b6a2fb187c
1599,eb9da26486f9cd67c20a2cde11471be4e01a92c06dac6e4ee3e82ea8c228b400
1600,d64bdef4825bc3ce6dc5471194c4908e06c1037625a4862adf4391147b0dbe97
1601,f912fd6d41b416565ea49f45327f70e4e7ab4b9e84e0891421a3195cbc33a9ec
1602,47a5039405a2289dbfdc2e71d15b75a05e284d930dedf21119fb096b588faa51
1603,f64579d6d54ddc8d74f9469bfda7226470b9f0d7936b3cf6694b9249e0cb292d
1604,3f8f588ba2c5a51a2c7c60aff2939175208c7849d2c6de6be0a82d363f856bac
1605,e3a767de16017ec09b54e313237518c590b5abc1b43101fcde26b1ef84028bed
1606,d84704f9c10ac6a63a41a1c433f3b409b9e6e4ea071ffb6604696ead5d2fe919
1607,5b5dc71ac80bd3407cedfd9c921fb437c997b2946f607749bc2187fc6e0b25fb
1608,f061c7138ea885883bcedd42fd91403ac121120ebda90061ded01b43b63b5ea3
1609,ca5bbc835b8b2db17b99ef5565465d2fbfe04052e26ede092996081f4f686360
1610,8fcac1d0da1a67b18652032eb16dd1c24f8a3683a5e1842e87f6076d76ecce69
1611,4020ea6ca4f400c7bb327d1533f99caff102c6de28e1853ecdfc167621de82e5
1612,619b1968b0610b7daf6a8cdf7c8c9407ba8320e4ac5eaf8ad85a29705525b343
1613,0de70061955fa1ff8debd0c2821882c26c4ae46bee76966c528d7f62ef2b7b67
1614,5956f87989483dd24e94e420575bb0114746aa4dd012add7890427a75bc74f04
1615,83538236d171eca10b26694a71cbb62ec2233700564242f8efc531af1e1509b4
1616,142fc3feec1f3d3f77c7c206a8dcb658926fcd28cf227a43ebd404352221a4fa
1617,01dc54b7e933ab4e34dc90904d1f856169fb1fa40138daa7cd54c5817e3bfb6b
1618,cd4361dfd0b8ffb83811fad3c54cb5683b1f501dff68c10f1e3cc5ca5bfbb541
1619,7e1d05320edd9a9a8742ac7bb6caff99325c14e4503da722242b1d8db8b5faca
1620,ba59f45665c8fa31605269ed620b8c33d737dd8c07da2d5e4e870a7774f6b31b
1621,513099d4d08a475b6c50db529939c8df2a9d16255b6c96af84618f30558b94b0
1622,b1c1a659953e3e7a32cc0c1124b40030f022f3149c3655100e50963b29a7ba78
1623,fea545c967ac332ecb85f81d64a5f75775f5b40acd52bd7f1a86b1b0c924d039
1624,1e28282c197c53c625e85616ed3d21b4e5b588732675d259eb52cc2b110adbbd
1625,90ffc7dd54ca826fceb34a4646161186d0db326cc935787fcbbe586e4bd58bb0
1626,9b214d66f184fac47de9d7e0ce69277a1a3ae5e9af2ba08c834675fb5d4fd859
1627,2949263e15360ce4ccb459762ed74757adb0b53add573d236dfc3f4183136956
1628,43d493f6107214a7069b3e9105d616b4f96fd5e499be1cc2edbc8a7d9132730f
1629,59aa440dd7746e9779d8c06befe85e24e74098aebc5897c3158d38fcd64a7ed9
1630,8f7253faa57e0e180293cd3da5d2e05eb62e2053bc2dcef8a63460c4a0caea39
1631,ca5f71b86dcadfcc810c687174be998fa1ce65a78211d8afc4fde355fdfbf0b0
1632,f50608e0d62d1ec7c93a1d81d3215a394ba5e53ea28d54c2e06424e66c50cc42
1633,b0fcc5b20c671a8d1be75729afb9f3844bacd283efa3aeaa05e436ec475454a1
1634,72a94b901238084c4bb5cc5fca1552c60f7de090e58e45a772bc06047f743feb
1635,e4971f87144564576f3e35283f74217a47e234607e3616e0a913e0038ffca27a
1636,b3a5e440c4f813d6a9a2784d033b2bf77697b8f1ad6b10b77526734b39665ef0
1637,5a21b4869023650a8729abc59e8d4aff179c8f5a5e440cccd561aed5c7823cda
1638,0d23cd607a583b7d7cb5ce28d0b4344586f3962059d0c76d7176475b4f4848bd
1639,28799694d9c67bc687ddd185ff98745536b20e64190a9683028c91d1267e522f
1640,6df186e783c56bec52745b4a7a17e3de6cfb971ad1a9e29ea896e15a2a6b8ecf
1641,479132bc97dafc48b04f2c2bcc324e83c190378bb21d6e07215711598d2c0470
1642,7061d93cf5f6cfb3697eed8aa618eedea26c6ad6493b4da9d7f85b312e29b04e
1643,1c5f2eb4f25fffeedb7801e1c2bb6abcf87edb50b5c9382d0892af405802838b
1644,8a3dbdb10d142920c27242683c4305cdc3653076c1057a5ccc4ceb685c7c398e
1645,e1533af47714ef3d9fc53d80023eff4dbfdf1a66bedc1b220814b9418a8fd01e
1646,74ffc8741fb510d38fbe00bee4a3192f27e92b79237d0ad566c30571fe3ce18e
1647,fb9c027ada041db4a1dd030fad4507832a6d9602ecabf819d4b18b1261af6cff
1648,3cf7529f426b82279a1ad57368d058fe0ab95102a039269ce35dfee91968e8ad
1649,b3ccd9c5c22e60d76e61999a9c0f239bc7842a312f5f78ebb298384400b4e4ce
1650,8c0109c53997c33bf6d9c8583be71e8e393074c0c76815a85874c617719f243b
1651,c8befb276412f0048c92b5e1751c12fb8a0aadc77e32e1c1e1fe8c42138e0004
1652,813a22a02b953ba9c61c55b3b873cc889e41fc08359dd59d494449daf9a67f4c
1653,b0ea0cf3917dee1d9114be65b0b3b4e580759ecbcbf7fd78f733105acba1246f
1654,8066078a321a1b54e8b4981c9986604621d5134e15c23ae81ffd47f9e5449f9b
1655,a9bcc743686ebc39507bc4f4a25688eaff7264190efa80821171eff965940e33
1656,865ad498421f66c70a08011062aaf05006cdbcdeba6c9d69914b19d378ed52bb
1657,4e23b1abe3001f25f521de6f2cd8e2cff781651af87edef6c008fae2153f667b
1658,f50cf3353f82ef680ea575aea9611525ecacdab4388b338e0fcf6e3d99a70d2a
1659,73f33648dee00f760e0a20cd67ac5a312e80da6ed7986470803832a3fbb56fec
1660,0ccc030e50b81d73ea2f4ebdc3c4b55c1c33127bdf2f0cdf2d7dd9cfc5cb6d82
1661,ce030bf54eb0fa7fdd8ef173cd1f2279c282c35f41cfcff0382cb5689f1e0c63
1662,430278adb5daade581bfd944a6b8127a4a1800c1b2d87e2ff0017cdc75852c83
1663,8ac705edc9936e5f01f82477fa133638a6db1e86d474a3377203b6ff7fb618d1
1664,b7df7ea895b773614b1558817333557f12eb3ad3b6e6e885066d694bc155548e
1665,cfe64fe09e4466ea1a81359e1038bf4216e255d19e3f4c2a91bd639a0f4a8b84
1666,4c38f53bcb4f5f05c4b3b040ac8c5333d90fdfa525c40bfabb8e394304d72a20
1667,9a3086ce0d6881c9106af91fccb144c199da3712dfcb401dedd4d357dbc1ba8f
1668,9b56d19794ed895c6f3997616dd715faa8c0846c329ac2c70034ad97526e3c7e
1669,bc9019d4a07c01380178a172647d80dd1a88742659c087e8fc00e1a7c4e6f61f
1670,7ab8bb3e5d2dbc0705b8d964284918d86c5940d255a2b3df7caa54d11eab1347
1671,e4ff18b95a5c399152f1aad2ee6cb73af542e539e6c6031ec3b79255ec1de50f
1672,bca183c1c1481c201351f4503d093376bd51eb3187effb3998543690156f9b51
1673,1c32e812e832c0dae01a29dbfb5b9185b0fcd6753b9ea618d7e7503615b47038
1674,308a0045330891d3f31b1c456ca48bfa5b9aebc096df73cf31787befc88a2a03
1675,f37e01eb42958124dc2847cc4e0ec18bc19eb3e1f57e375b1f690b46bad82a2b
1676,68efa6105dbee03502a5e8927627800d3a016076de83a03b674801caad218ebf
1677,15469e64c5610a612e42327e5cfa8860a53fb492c12cbac5a9633061241bcc20
1678,95ebdce0dda5d161009551d4f77ec6372689ade94a012c219e7151fb2a414838
1679,3a25cd117271388e8b5d4c1d9fdbd34508117809e7ce44dea9eeeb6e5f6d2895
1680,54267028c5bcc177d72448248542d4700540e4d7c604abaa38a5fb8d6c12c851
1681,42bfbfaff7c5ffb7942b5e05e5b9f114592bcd7d3602f3c0e426dcc1651e2854
1682,4760503184e30080f44cf71522f5c0360a1069edf8dfc9f4b3069590993790bd
1683,56288dd0490b6d4ba88fbd1dcaf8e9fca84f0721dd86c926bf66a35c17630a94
1684,d7c8202980aae412a4d5f576bcc9d898dc4395acdf0deb2b9b300a206edaac3c
1685,e8ad08bcc256b9a667fea35834d3f3247883f2c6e1d58ef67b2c46c554f121af
1686,2152ab0d951a621d230f2be7c9e90310c92bc1a8760ee0178be1e1f1ad80192c
1687,30ab476519b3c6b0d4933e3a4ab13f2ba1d14929e9e1582409049aeaa938dcd8
1688,1127a333c47bd277b77cbeafdcedc1535c5f00f3411b4e67072be4c77af128e9
1689,143fb0fb13617de4100bc25a6b90933b2a665ee33b0ee74def2f312d72aaaa41
1690,a154d1422467f4f3a092f6777592c3770331071fddd5a544c945da73adb334bd
1691,2b7daf3e61da490baad82b6b6b37b705193590d3563129d6bf15b451cf51937c
1692,94f4e57055757d7b87a72a995ec27dd9f923d08b974ca44fdc51133865338e9f
1693,fc0fd053a3f0c929edbf15e4f251e7c1f0f122dca5d3b9f259487834cd7ceb3e
1694,918291383f81c876ed34b036bbb59c241b663405f3a7788f5630f09a52874af9
1695,b21cb9fad51156a583d14ec9dcd15ba6fa886db58c5f52a5619985f0a2665967
1696,be4d86c9013a4abfb153f55ba4cc82a85467b9b44cb333150241b5cf1ec5f831
1697,81b517706cb5e1a34d367f8d2a7d9f066012ae9fa0d5d3e5a7bae629a2ca6713
1698,bc5e7a7fd394037b40ef93367209844322c7a2af611f841cdf4092fc298d4c74
1699,33979fdc7a8129b9256fde2362accd841c9e84a32275aefa20478ad0800a9f02
1700,377083ec347f883ed03934aa3845dbd0e6be5d3aafa077d2197f97663b40f562
1701,32d248ae34d3489d32dea508d507f88da95ae9b78a0c96c91916deebb96e381e
1702,97c6f05d6d6b37c7ed16d0a6ec53642be02679573f1e2e04223c13e88efebaee
1703,d3bc53b8c2cef49734ca394118f69cab3a911be48c9e011e688b48eb1734d150
1704,b243b30b8b143d18409c4c84aa34fc5b393fc489a791a3ea16ddf634f20f5dea
1705,56e537809b5e4ddd114b3f3aadca21b3cb3804c8b39a67cb5bb3204448dc8ee5
1706,4ebb989f71f9e89999184cdd616cb82ce3fe4bbe7bc8d1b09c41d5aed86c15cf
1707,7698c18f25d459b80a4699863b35fc749044cfd39f9ca483c5d38edd52e9f3fd
1708,8970916c8c27a85fe4600be2b685dfe70db3d2f7c1a19846a15a629f93ab81e0
1709,fccf89fa6dc887527bc2e4f680289f0ee246c1d7aff913d905f67dc7937726ae
1710,492790c2a0258d18a523d6c70ae7b944c0f97a8fc2b49df8432064514eb8648e
1711,17bea3738baaaa2dda38fd255e7f5408ad9d7b5d7f89c3f572ab5d1bbb180dd0
1712,fb2a116278e66886d815281b389f586d92b801174f6d15ef6b58b844e31ead85
1713,7929a891fc04786ae3693b0d83c2913cee381dc29b60757c34acf08cd2ee1447
1714,ec542c5580af5100efc70e80f41fe6a86b72d929eefcf4ca6b3c2108578d2241
1715,2b4b35462f036f8e26169e813a090cd5de20a275591721e6a25d5e482e0fa6db
1716,04710f08b616bb6fd236660174a94f739112a2697a0b451d45bcb90eeab58c5c
1717,6c27a6d3702278242379fab560583551c93177aeff0fb56e9d7f98bab0989e88
1718,78e9e85e8753187ebc7dc6f4e1b87ac18845f32589a56a56df4263607cf4acd8
1719,55200133e0a8dfcfa7d7e97a001540485814e8cb114178795a734b7ef2b0cbb7
1720,54e41395c9dd5d4bdd944ee89fd8c64917bfcdc5348ccff31b60608cdc8fc0ea
1721,bbf5522ee09b236b6da4ca9c85bd73f974ea69683adbe1f1ee84a6d57ba0dd35
1722,710f20c53749db53a3f4ba64f72c8129f3a549e62fdb3d98ae46c93c370f6551
1723,5d8978f32c760d8ec3c6bea17b5da896583fdc7d85b30ac93387125a3af8ba2a
1724,7653eafb8140baebddde529629a11b04f256c6c4b89f928967a3417aebf5529d
1725,25a6ba35654df49cf77bd70ded1fb83152895f2be15c4f21730d82e0a023a4fb
1726,f4628596110c1ea345c72c8090ae74b68fd21d51723647ab7136eae3d9086a0c
1727,ee62f5ca493120fbbfa31c28bcca329804176faa73ccffc0af90a8617ec91be9
1728,d57cc932f0375c78387a018fcf77f855d75703b44470e11cfdd8230aabcca232
1729,ef06c397e6f3b9180925509b29e92cae81962fc7c7dd0f005283cb6ba874f8ff
1730,5716d10f80c7b1d3953f4e3371d6bf8a66ef0e7eaa2f44f062520fb34002f263
1731,31b89f667ab10e095e307ec0d17ceed8c34246573df32238083844982357be87
1732,68341aff0e940822a928e14ebbbc9070d1d4b0e8648114a437fd73b9d58aee55
1733,90e919ede743dbf708f5f39ff2b41a79db455e742c07ce9a0b654cb7ceb0c06f
1734,9f4b64af912498b91c1f3c1e83e3d9cf944146cdf0c8177f55120076b1448c32
1735,35ec0cee42667878c7c4f6107f562794d17bad130c842db7adaa60c9518b3bfb
1736,c1ff0912fd3a74bb470b9f7d531bb366b97d24f5c703ae7ee90edc70769bde5f
1737,028473c3b959a215b6c8b64706dcc49d652d3eb4688bb4943f84993f98826693
1738,6b4198d02a3d8001d554fc47e617fde7183596f8afc83db299e61a126f5bc46d
1739,013d582a69ed2a48df9b8cacd72c3c284dfbac6adb68e2bd3d231cbff38d35bd
1740,4d55874bf6be4739243829cc00d59e7e90658625c0b42fcabcbc3ce483f4b92d
1741,5f755baa3470835cb48ccc65da3742bb5a8a3aafcacfb4d7d735acb90696d3e2
1742,352d8fc51f4464ccabc8ded1de05184d5310b58aef87eff779a18d98cdc385b0
1743,f4d72f2cb2fa7045b589613deebb6c825293debf70364046c56fc5f1f8652766
1744,179b71a46bea7094448a8d1b5d050f5b4757535445a9f767859aec1a78510fc6
1745,92001f3b24fd293910dd72d58cea530533904c7241072e6ccda8474875bb2699
1746,a1673c47731ca0deffb8db8e2ec5ea7fef173b8d19e6c1ad7abed60f9cd1f61b
1747,4dbbed5873eccd0356e57ec10f57a2224bfe178dcaabf5040e11776bef8d9785
1748,2325cd0f416c27ca6f3f6b14af18cffd04e2342fcf1f0c259ee4b70d2ee756fe
1749,f46f2298b08fe538f42690b0474b2ec07c0db918f23b41005414af8c19699af6
1750,fae6ae65f7d32643299f83e3bbd53868e879c10fdc8787a9728557b5b7221147
1751,167883c7b5dafd368635b3ce6c1e123489a2d41eb8780373865b92bafda37e03
1752,bc6b58dbb866dd07ae5be5e1a856d1635128fcacea452ec5c7febda217bd1779
1753,15d9649475e5358726f4abd03f2d894f261429cb909894faf046ed2a2977be32
1754,abcd5b31b295ba2e89a2ca517633280df1ff3303d97aa59e3d8ec58a83de30df
1755,4c04bb61031468a900046f51994c009218c2738944b8b02ba94dbf2a1bfb8fcf
1756,74350b052f7330424602d37b350d97fe574ba0e5a56461d91df967540dcfceb4
1757,6d1bb2834e73650e9732bbee1a25692baaf15a53093f86da10bb28f781fba107
1758,cb9f70046a35b4d8224ba8701f0a95cbac7ba0a6ce270a90c868492c1431021a
1759,e86ae612540d268105ff8aaed6a37a9d1628b210a058bc8e2f3e5eed333dc634
1760,afa8f0e6b6034bef7134248b97f540888bcc9af30ee5f2492c2ddf953e05464b
1761,01b3a22b5962c2deee3579365805d74f2af202e7954080d3c710ca0ff14cab11
1762,460785e4c644d7dd40d78e2bb42b369ae2c85774038a10bdf364e3210733355b
1763,25fd1f6b3024baa6e39642fa46f991a554692b5826128388fbc6e7b94f12593e
1764,fc1f94ee740e75afc2918cf4e572d3d44e27d15c979c6dabcbb6d710bb02f439
1765,82cf0b4e4652105563c0b10eaf6410e95a74b4ca7220c2d43cfd32e72177a4d9
1766,b6389b424932e38002e85291006b672edd607985109d0919f5bf447d04ec6786
1767,6d5272074e48989e455f5d243d477172a21ef988c4436c1491001cb002057c8f
1768,124e55947c49b4fadeb6513007069e3c3f2e88acf478a33aeb050d14a0a21b05
1769,4406edafd1f350d823208a05f8856dd323c826aa17fe3618c22a2c8331e132fc
1770,dce6b58cb4079b058ffacf7857d6889e1d2ba8b915c742001303cce5e7aa99e1
1771,fd585c37e7508422d7b546232cc003a2984631a8166b321814ea67a8d26962cc
1772,bec313704e0742997be730b3447c7694180ec95ccc645cc1f8dc3f082d41558f
1773,b2822bdf0e22fa1b63d37fb400331a4a2f7676a2cbbe02ff28e3e35d8af15a52
1774,d99b30036375385baa45eecff05e80b6e482195f3208d903a6aed7e1c024b977
1775,04fa90a873f291b352d53e568ae28239228c3ccabb3bfbd26c8bf889454efb9c
1776,4100b10c428e36b2a043068bd86ba0faa978d038caedf82d3bcde688a213c4ed
1777,c117f3cab7c33271ccdfb600498fdd100814c5c9c859114a3c5da0962767cce6
1778,687110eeb147e4e285aecb5cd9e0c218b32f1f77bf6f2f54d82776975cc1cc52
1779,54cbe3b8f7fadf0c278c3fcf2dd7c6fc54e9b149a46148fbacd9f0d37ac35c18
1780,425e9a1075aeaa873886317b3460c4559b70fa95e57854f54536ede1ede2599e
1781,10b77cf472443c52adb82dbc82eb7112aacb293c0e476fad316c39c0ed5888d5
1782,cefd5478120380c0987a6b584d8867832626b557c4395c83b49ac9dad6016d43
1783,eb473e58630cfc9797b60bbb9c24b78f2170d13b848b41acdc4e627be54e40bd
1784,b5ec43819ca879cdf9820eaf5b03314cce7f4d527ffd5882d79a8bb80dc57c0a
1785,b909a69985600e8e98a69b1de8e213ecd64c74d09d7f9f14579aa0a135634f7a
1786,60ba976abe32b69abef8562ca700bf4e319435fe1258752b269e8eca52c69725
1787,8a0e22fb053e8bb4d487ea308eb22112dff04f435f7506d3d6b98fceda447b79
1788,2ca5c457f3379648d78c48efc63a1411a821e120b3b4cf0cbff96ef9b367ff14
1789,c19f68b92d8085e2bc8ee1cd299bf329e9f8fd93f5e34f8d9d25a387073d82a6
1790,3be680564064eda4a79f8071304012b5a4bcf48be2dbe7a87e2bf9005d8485b4
1791,0e69e9b60eaae2153780ae0bb7fffd5f06a42787713df0828298c7faef4a2acc
1792,0b35bb4c47363ddb297f63c363b9775e5079206f2e6b33196dd0ab621e6b95c6
1793,e9d758998535f76dcb65eb9bfd24a3dce59d732a4487bf90814401e5412fbe86
1794,b1bf95d94337178970ee4568240fc02f574bb792aa62a2e8e0c8d40d76a5ac56
1795,67f847d725252f84b57b44b4989e1249de9903be114de510caec55eb90c37f7b
1796,c16ee70cbf5ba8fa825dc74a7ab29e405b5fca7154174e9813b76e5ad148fdb9
1797,65bcb036eb30ef4c92a5dd629385724bcc231c44ca9d7e1a3953e2c722468adc
1798,e77b4f97ca99d2f1cefaaaa34dad70182973b81902126866e0821ae0db214387
1799,21dfa0a15b103932221ea5b4e22222352ab0fe3d78f699d701d7f3c69cf75402
1800,cb2422bd382b215a9073a939cad8cf5f65b76eb025c0c593c4acbaf04b084cb0
1801,c9951325670c2a71fb83bdadc1c6052efa6529c765d76c6e6bf5d94b43d7830d
1802,008206d7b469f09f7afe33bd549c3154c81eeeda240ea31aad7641ece0adfb45
1803,3fce83d1f17f61205bcb392a7b008c07fcedb57d5cd4961584c8ffd3e12ac402
1804,972a762c98663a903a3ad45e2879c8bf36d5083dfe9affc70db03469e6831699
1805,3b3f580040c16aa6c07b9f91ac2a795a53627a8cdf69347a72063f9c48c67517
1806,1309468ca58ee6c9660fee1b76391c257ee0166c557cd739d6bd94a10eb73005
1807,d0f27c2dca896cb025aff24c034e760636749cf62d3182ff6fbfabdc19c8eac2
1808,bae0a2d3529e788a6b2aea8b3d77379d70b9f5a5eec036ae38be4b3d7b8db810
1809,333fa117e89f9606099e0cc387c92fa4a9d7dd8060a58710eba0fc768e2668a9
1810,b08252bc7044a78eb0601afb0b7c93e8d76e3dc5ae5da5e09ef105f9a8704ce0
1811,75b9144b56cae430ab7ca9d780d6f07efc6433ca2dfda03f23bfbbf03149bef1
1812,4b76ccfee8d7f777b873738852cf15c662d6579229696176dec6f92f6faf6482
1813,b9ecedebf85b13fb977ad0c12f19c9696d515a4bc7767f829c45a126a6c10cd1
1814,91389d9c7e03dd66be56fa777bb70cfcf34e611a47a5f5b3ced461f6c3907728
1815,2aa4583f173db2c824fbafe73bf1ff751afba31ec68290a494cc40c8120c5cc8
1816,beb297f909a5d55da4fd9ce336382b7af9b72902cacceadcd498fb1352e08556
1817,819effd12e9b8569c9c988b9e126ad30a5deaea1a45399b587f27d384d9a3472
1818,52cb34aa413e49d7d1f92871aba03708c9b88089ce534bcfa84ce3a53d1a77e5
1819,28496e014db39c42c59d22f3584e593cc1203f8fc00682c201706eb8dc49172a
1820,15c84babf35a0001d6e45034cd3cd197b32c64378406a1bc584a97bff9406d46
1821,a55764eba486a815554548c31a44be604a283ddac70ca2a5c07cd1ca936e34b9
1822,f8a40d8835341d2be83339b35792460fe74f94e56a7ef8ce65579a47bb1a1d17
1823,4c3830ab2e9e1da9fce53d355f6d38a78551b5b1db7cda7621945ef5be647b4f
1824,ec69473caa120c6f35e902eaa3f7cf484a74974ecdb2f469b71d7df532c4d5ac
1825,5fb43c397208b9e5ceb252e7cb40357071312794609f68ce576a825d2b4aab55
1826,ad73cf3100c842c9a6fafe89af1c6f3e73ca97e032be68b12164d1d93189302b
1827,5aef7d6f488ecfbffabb2a53688f96cc37bf4ab6dc8b337366fd4e8553028962
1828,4a0dcd4522feab83a5721b65c9a55be744506a301a5f7e5b28044b1b325134a5
1829,b003e92800c6109aaa6e7abe811640a75080a1b1a9b93020710e97a727da6635
1830,f5fea1ff3fad6b935cbaba4b05463cb767506e6c222ca7eb6aa1ba5bc130ca38
1831,cc1009e9c57bad62720fa98f918744cffaf0214bfe6abde0d6eedb55d2db6c5a
1832,865d6e3e4a61afd0e661918f61a53bcbe431c629c8873eb66a8008b31924cdbb
1833,04bde2adf6f413381f283bba7cd68c83fa0f4af643958339e317ffc67f339603
1834,835cc8c42f555bff6442a1563b47956c7d41905ea648b2f6e7acb876be96b110
1835,56573e04b4bbd2e277a3b9af7fbd1fc485d42c269e6422aeb580ced2e2305554
1836,cde31445d8bda61567d666df24129c5c1919c1d4e636ffb818366e01bf3ab367
1837,19d214e3abc76c49efc19148735005de0bd1aa3774765c9c18547d31652fa3ef
1838,827c4f8400b861223306d170afe5aafbd7efbdcdc3355a1a191dd16109db085c
1839,82184cac0b81dd15286082e0f11515a0baa2e118a00bb77fce925c293ef96622
1840,7bd3e80a15b23098e9d9b3968c8179905695047644c4462668a9c20ff49de1c0
1841,531171fda513e63c40e5366a7dd72570bbf4fc86d77d62781108c6234e1e881d
1842,9292585cea0cda71ee6aae01b5ecd31294433195d5a3e872fba2b79b84e4f04f
1843,0c6db4510f887613733864c3bec0265e81f3315f079d1242b0126cd1029d33e8
1844,b4fa4ed404e338500994298bbbaf51bb6c5e26cf20093ce337a9336f4eb1ae35
1845,5eb5a2101f35ee7c5165300d14c9cc0f9c618ef063210060c4409933e30886e0
1846,2451bae2a23326674700b9551b3b866679a020e3938d612f9e3f4bafd3ed4c08
1847,0a2d39a23c3f9cd73951bd82f748599c9c8a5c90ee98e945b23faff5d0dda0e7
1848,71119a80bbdc8efbc569af2b37924c5bd511dbb7b4c21269276abc996b0ac318
1849,86fae8b05d22e0bd817783bd695170ce7dc62ba2ff8fea9663236f43ff7e5d0a
1850,783450308fe42ebba79aac01610eedc169b4b2389dca7ce97b0f48f6252ffc01
1851,42378c2f486c6b3c60876103998e380426890ae5aa117228f5f76e01c221042e
1852,ec2b61d1cca8d30d9c5f3d2de7f66cb320a812ac3160d563a4101f88f6d6c2a1
1853,49cc444eb6e5e0df9de76b0585f8dbec8b7aa91b87502e226664ba84e75c5ef0
1854,df964e1e7f6320b100f8fc16de3060dc150b97858deb9bdde225997a49b46e0f
1855,5fd9d128e3ae8466bd560112cba4446fca60912cfb5b7ad2a6c36579ddc4d6a6
1856,57ffc37feb66ac40c1c821a7a22c8035244a0be58bdda637681803700294576f
1857,277795aacd117866462cc8bf7cc3c413fc93ea92dbfe65504990cb187c6b2ef7
1858,625616138491bb2e279019f544c66f30abaa79ff9d7c0d7984714358d24fc6b9
1859,7bd00fb5178b8728f4b4be66e50779573e9bd73fcd7de9fc3ab02b9d98ba7ba2
1860,d54b4e82495b23dce62864b51ce8c99a260039e4b03911bbd0c6f73b31e25344
1861,834d312b8cf289728890e9b364b34ae6293c6e949feefa58b3a0a38489d265aa
1862,dcbb5987fd5ee34b06f5a758df6ed85d0132e0e26dfab99477b2e6055207ea2d
1863,96ceaed9f042e1e91d0bc36b905a74b28516d9a09368d119fe7524deac8e7b1e
1864,ad922a2494f04acbc2aca51da0d5d4a435fd7def21c63032187e4998b27fa22b
1865,b372ac028c65b766ecb9e50fc4b845a283c5e15b7c1a1d53bbf4772f41b7203a
1866,1a8d76ae5235d43a3971001b42098aeae64e461b4dfdffdb991937894dcee40c
1867,856c9282fb06c56b56f59fe4fb9e09799675a868459cfb91c5eab952c12580b9
1868,877cfb019e036158e8b531ce909d7d118e310a8d4cfb5b6a0de6d9d6175796fe
1869,3eda577d77cf00730078544af9312637637129a454d17b82190e271a3e6e50b6
1870,2da52acc0b59afe5ea179703e51e684b1cd135c6f2a6f894e99d07be9a681120
1871,8b62153e165727f7fe04abfbf8138e098a0fd4bbe20cb903e1ba76945ec228e5
1872,80b52c9fae7048eb1594422a6906cba7655a17dfd7547bd5d02cf7768f9b7989
1873,31d83c841aff08d997d7b6f3e402fdf19982b824e380dd6adb252bdcdf059e32
1874,3efac8e7b159c5380844e92049c69f6c3265d00e1ad3a9bc0620866272cd8e30
1875,35e94df4ff6e24ce259c4d2322476a4d2f89d31e6cd758c03256fa6a75ef9371
1876,85bcbe0bce2b0f0279cf96bec35185f442723bf53fa25b3a81a0c7ba9a84b877
1877,e3b04c6a103274c49d5e71394093b494525583cc33e7de15bb66f926e0a36ddf
1878,2f77dd601f068975627d3c5119b7ae09041f935017d84f1101927b764f802fcb
1879,c2a715ecde99b152c1b4e78e42754512592291b4cd9abc639ba15a98d35ac474
1880,bd7c9914263e164599de3cf9ed0ad3b65d4b94bd84d47a7e3541c0fe4b7796cf
1881,b302837ab560cee410499e7e7bb9d608a7b939fd7e08feb6517c168ae0cd6763
1882,ab4ebad1eafeb5a96ebbbfea8bb720347b221deb270451a583b5a980cbddb309
1883,b5eaf4edc1ca556f99710d9e188be8e3a7d652d7da5e587b914f16fef8dbc336
1884,a672f5a500f99fa48ab372b27c3f8b927bc064afc16b8ea2d2561cc5712ac162
1885,8898c41b316f18c473dcdb2824dff497ace7db78bbdbc8678382f8a7c5090f73
1886,bd1b62ad2506b545f689cd9361806a715704cb0f16ad2541c4280abddde22a3d
1887,9f0139160bf955d90ce0df1cd76f4d5819e74f3d815e9409260e05b7fd7f9a44
1888,690b37febdb614110ae8e927717cc6d5f591790b210517a0ab0560e4c87c7653
1889,723aaf0659f8da93ceb02dce868e4f3bfbcf98cb1ab17881d9dfa50170c6185a
1890,37526ac4629d08ee7c6520cd5afdd042ae594f9bd38c5016c136b767432afcdb
1891,319fafd750260325b1202ff31165356a6683fb24a7a3f31af4bd326bf5d1d18d
1892,dc3d3ca26c51a4d21ea940be9f90dfa32f3f54dbcd538b7d9ba78b2afd7263ba
1893,2832f375b17605580809259473457561e29aa515bdc1a6a1e3aca7a0e45a27cb
1894,ad2a3d6851457231f08ef45938e5970608c0bfea5926afa05671cb6a141a2dbb
1895,7392a233f8a5f19a074d327ac24cac90b54d990e13eb0f955f9de500ba8030f0
1896,d3c2ead78b4f96e2be22c25945ed7abf3fd379840b12a9fd5f14ca8a0919f5bb
1897,ccddfb5a94cd3889862a2e0a36aba6aea95479073489c8823158bb1b08700370
1898,403c925156c59aeed8a6730abbf68f0ec4e79936e38fb5c0f2c4ee1df83ca515
1899,0ea013d13d799f26f66a62056bf04d8710e1013f3e6099416a66fa840aaed2b0
1900,872d51907c301c8a187a0292c744f60dbdc23bf9392b235aed7c07c55d226522
1901,03e23cec2a05ff48914993a4bbe1261a7a0a2d771b470bc5a1b5bc79c002262b
1902,5ff800dccfa250793215c1c5cc8cb9d58fb7f0434d8e3158e84fa3bb8404106b
1903,8b0f881aa3799b11936991ca2dd3ccca455f1726687e1744763c67d2e7dee4c9
1904,c98ab851f7270b79004a7f112587677343209883bfd04322ef47492f34d256e2
1905,e843b2e94b8131b05272318c9792733619c010b954e3936addc3f39150c3d466
1906,19fc526931f32fe9edb1a262a9615838b18b2ad5259e061de6b39797cc7f9c3f
1907,bc8369d722f74f1e1a257d6dc44211fbf911e3ff03027e8f501fe052bb93d5a1
1908,3497296737f2d5714290b961c064c67b703ff871dfe7315b1c48346b03a33c37
1909,4b5e8731750e7ed9a2be6ac02f850d1d0de369c138c3b22a404bb307511e4a81
1910,2dc5333e1d5b6e64db34e91cf1e78596edf5bf09a43c822abecbac72a5d2f2a9
1911,4777c93482bca7e2f441cfd53eb1318d39ed0d962e63ac9fb6d0518bb2726d80
1912,3b8b2c95e0e87cc2369af4cb0ead7fe8068780c2817ae23fcec23a9e4cfe3b11
1913,a6dc8c0701c3d7c6cad5b84ea6a803b1ab9190f6867ffe85d8808a47d1926159
1914,bd0d987581898e6e02d101ae941ba2126a8d5cd22adfefee1b28882fda3f7f0f
1915,a700e717a953eafc5ce0bec43e01c99858aca2f719e195fd86868197804a614b
1916,6780d257010ce3b96ec50248efdc998a9d4d67f56a08efba17c8b7fc0eee7d9c
1917,652d91a66565473f7a0b6772d3f79f8ede745635255599df1f2804a4ab47a210
1918,6a8af6f922fe5c02a53f7b71176adedb1cdee2cd99c84d038592f021c3212337
1919,04e19b79f3a8f0d62adc8419e42d49e7b0fc00dd6979a5b75a119581db66a24e
1920,8c3162b6b8099622aae0eeccf7e61ca84895d9531283bc823bf88b05e391f33d
1921,8ca01bc4d22a42d9a253f05e9038c6c5e26f16e6aad9b04ed2f3b7c675985102
1922,2c3315464d011b758ae56baf754e5f5daa7a3be634b01e39b6d7f3e607fcf9d2
1923,ad6bddf8e9e0e17a688dd9ea0a32e16e05d18839bdfaa7ff41360769f08758af
1924,d63eebb951b6204e2a1f08f2506f2a4b98471f46562bf1bc52d2933a45b9a298
1925,70f1ed8f563e28f450c993533c0e45bb6c910e8b5157fc068976c69f8991502e
1926,9cf2730e72c72e180c1465e48ae5b18178b778bb001c03f8df23b40d1dd2e67c
1927,1d38ff71462a1d37af3b2bd2765727edc5de76367b586debc1000fed1dd083b7
1928,4ac18b61b8ae19c8b4372b44bf04abe3ddcfc9345e9fc49e6427ea8f35fbe830
1929,6931f573dbeb6b682cc1087d045e954e2ff980cbe2663535e0bed0f24af07060
1930,b373da88f5836aec95f68866a0fc03b0f5bbd8e9ffa303bc17862757e3d4c581
1931,e1e450792c3e3c5c71a84acb134db7c6085733dd00d924a8509e7488655b216a
1932,c99b99691ee962ede3fe79b2aaa7e426babc288a47e4c5d1bbfb525362e45e9d
1933,d7951376924b588bf735d99f941f38ff7d1916f6b8277f8826d19b40d6cd7c39
1934,9a6708e86168d2692a45e5f5359d1d3cee987897fd0c303e8c3c5b75eeb16572
1935,284a8c81743769dea76af0a731a2b697750d565da6e722d25434164e181123da
1936,45faca1c8bcd4934b688d3355fbbf44e6e6e64dc4a7b9fed69bfdccba65b2c41
1937,7896853f9f43be7942bf21d3ac1b5fb3bc64ae162a6c4ac6bffff25045dafa29
1938,e93f51b041efb9e001734e9667af84076c261481b5e0111ce11fa0e51be0e191
1939,e1db5207a2fc4fe87f84b994e82062dcf1b3363c87651637b25994ee1fd9bfdb
1940,104373e6c8fb1e0cd190e21cae4bdb0329806bd5ef979847503b8ceafc5513b7
1941,dab2f919eb71063703b06cfe46c0abc218b8b73faf5c722ac788f269276f2165
1942,f123f8b95e077f97b203fa1df56aac7ff86d2491b1a496bba87c84415f56586b
1943,61e895fc4479b008657a9494f6af2e0fd8e1307200134c79aaa53af6a7056381
1944,8124079618ea558c80c085ccac16cf5794dbadbaf41013fe510f9788288b11c6
1945,95eb4ba91300316645f2c68f6b405fa393e74b44889b1dd8ac9f36d2de32e32a
1946,3c1b1766edad041a9ba88aaf4323c54ce5dc58632e540b3d6335e70661f1e0ee
1947,e9967a6e1ee3ebd68e2811c144e5957c3de61a66a719b793a9d56d7ca189456d
1948,4cd040fb433837e22ec7f1674a1e2a0dc2e4d450ceb548fc1c1035c2149ff36b
1949,2db9c08d2b36053e7f05214d52cad329d9de4c1dc2c9c5f7dd33ac5b524f315f
1950,afb3bea83911094191e69e45150e648b36c45cad79ca9279b3beebd7315bf5c3
1951,0618660b69b81d511a84d30ca161d23c50b99c968978992cbad1c75137fa993a
1952,c80f7b278005d4aff583fc03a92d125023a7aa6509f43125a9ac9ea9ba4fecd9
1953,785be91e1774aad170a3dbc2bdbfa9fb9143f64d81663e3adde35a563527aa2a
1954,a8f1d5daeec77979aeabaa695023d26fb21690ae76533ed8f05bf1d18d35bc06
1955,cf47e5dacca7c5707907a852e33cd1adf44fe31ba15286ba89f1f55e696d79d3
1956,f7d345dd152156e7bc0c238b46ab6f754345d265d1334e1de9951a48017ea13b
1957,8e9b30d927a5129ffbd533bc6eab0192e66605d528ddca93cec89fa397406680
1958,84959ffdc9c75cbdf5a1b6d81a811692db141c4efaa85e3421d54b6d19a776d9
1959,a346006c9af1a9aa817e9091a23a7d61fc73ffabcd5888e86e1e84533901376c
1960,1edc9f260a33248884ebe6d1078b5494b175a6db966afeda91cff56f8e2a8868
1961,9b77cdb5130f77c6abe1c08a99f1bae686c29577928826adfce3fcbed09b6ba7
1962,2a67cb3303385c09672095447522350482d28a74596efd65e7422daebab66d03
1963,2101a7f457895d2b6ad6d2346ba11be4ad2a3d5b2edf0692a16fcb9223edcccd
1964,dd31939cb345c06c30a8b942d7fdc6580fcd8566ee2b9616214f4b502f1c3415
1965,0e0394caaf43a7b2bf1c2eb5e8c49ca42f320da95ca5d5a89b945f3efc9fe287
1966,bd12543ea699af634c78a29f9e043da411187802229598433a1fd440b3ffa782
1967,5db6b1b1e59b8ac1d4d7b21b834d74a1aafad80870aba5dfff4eb7e5bbd8622b
1968,26df8abf0aa914b4a5e7e86b30b1493e9be5958bc0febb50524afcc00a3b444e
1969,a9cd396ddef97c2fecd432776a57d8f57589735c2ac3d78d2cb34bf0178d7b9a
1970,2ea83ec0e9b34b5aa5f726d7734bd508fdfca6be03080f4b1e0a9aec49e61078
1971,92a78a7d13fc282613ed34a1bdb512a740112ec43b64a119938124f2f24f1525
1972,d25c8a4caf7c0b85cbac6f7ebd72e703d9c2c77142d8a0b61f4d7c6c69949cef
1973,a3545a28b3bc8a3656968ace1752ea95bf6523c35e65d7d903cec4e8533efb4e
1974,0051c4ad290feedcddf270193c37320810caeb6126eb96e903c50314b2b20889
1975,b9936585278c31ee4cbd5bee2ab893064395b15c683547174a5b18184055afb8
1976,3526fded22b751470e77faf9f70e05d1cf91f549c2d2a8706c555270588df047
1977,d54c63de1f58271f53affe8ed1be3315ae4d25cd6a3f3a08256a006c9a54fa7a
1978,89eda17a92e62b9b4c721a14d35cde3cb044d4016f3a320f4c8854837b75b427
1979,86cbe6a01a0b8dd7742767ce12cd68c140f02e6c36fe32236339cb589cae2e90
1980,be52ec7c1fdeb59f065f14887adbbd0a3b6bbf4c2d4b1203cfe791b6271deb35
1981,3d7c27853613761eabd9f000009fe18bc730767b18bb3f1be4585fe3c53fc1cf
1982,69787366ce5292acfe373e36ac98932347b4072228940646d9000b744dd04e0e
1983,df58ade815d145feb96721a544b1c4b2a1c05ea475178092ce660ba8fe25e1d7
1984,9b82d07b3efbf7ea27b181c11e753ed6c93113be70fd1fd76d77023a7c3086d1
1985,b0737a7b5ac8cb8e28142fd4549682871393d1fd6df0c69de276f1fe9cd8bab6
1986,f57e856e68721d5422c5d107336d08f86ae35d2abd3254ec9586ec46c5d69711
1987,c1f74e22617e06825f17f818bade6e8eff4bff2993a892fcabf81ed1ad8312f9
1988,7de4750940245ddc830b767293dabe4079690d7db903722958d5d27b27a806bc
1989,e97a838beb15cec231c75409f70a01394378d0a9c5e9274f0939e00a65395966
1990,4a76fa365196c749b64f7dbccde4d5fd40ffacad3d6ecef8bb93719c6881fa9e
1991,d13fadd1919393065380ea4a582f244b70978bf6630234afbf78129466c9576e
1992,c7027bc2aaf08a8d0072759c0c9a05532c043bf6b96f3b169b04ab89f359a6e4
1993,427321d7a0ea1e256b2de98bb8ef61ba681659d09d434083ef48dce2e41d934e
1994,25be5b884fd3c5221205ea36156ee5994f6f6f65ee1efb4294f4e49d5dac9e59
1995,a97eb682c9f14b2710240e60a555552bc06e4157cd0a35681dbdff7103da6966
1996,bc32e476f8cb8d72424d245a108cc30deb8c4c7ad444fe047f19eb345fd203f8
1997,5dd94e2e5bfce333188635ef0e5e756542855e013f67698e4ab10bdb717c82e6
1998,4b3a8f88eae2d7ef60f6631d982837af20c0d7df8087b2165cf9f3b5531c9699
1999,25543d16e98283b328c99eb1f523d8d181e231a830fa4d964e7ece8422ce1f0f
2000,60672d2f163f1a289e9ee6b7718fd8ee1922fceb66217f3b61e376dbfcf40013
2001,1d1fcff8601c34ed4550894e7932e19ef981a39deebe13914df89b724e99a10e
2002,51c8bcec897c88038a5ef6da7c32b5962fdd855808b26ed22fedf24ee7a8d125
2003,a837ddd1296022774136fff039caf5d3097251450170fc6425b6199416840878
2004,72e908d9bb6e511cafca6174b8c865233fc2df47087274ed3bdd1228bff99a3f
2005,0282b08c7b903e4ddca94fe92020a90bc622afd69f49f41eacb89202a3855bac
2006,ddb98a2558f7b1f1dd101ed74a7a2b2d8a4b753f934910f8fe084828cb62a816
2007,bea26857f9e489de6f32bfeb105e558b8e195e6c8bca3f30fc879b1e36df9e16
2008,5800a5ccdf442583e6ec788746400ea9e47bba59f06d247fc3ad46becc1a070c
2009,323629cd955d6bb6ee6db11c7ada34b0647058ed9f3098a20b85bbf2bf2675c9
2010,ed6754cd6272bad386d127c5e5936c49b89bf49c6991b7e228612086923be00e
2011,c20a7311f0a0f47b4dab2a377cdb1fd27c741677c1e929d44c0f8c0570040063
2012,4853d705d821fe7715f70bc37292f7fd38bb5a33e7d86c0629cae496ede9ee43
2013,10b31e988fdf04f7875e99714d5aad38c717e63bdc6c6e15275de59c737b8595
2014,0627364a333359a580d28e054ad55247bdb9c9dceaef3b7bfe72cea3a2a37c9e
2015,b3d236eba08d77873ddf81ac15a0d4daa2bdae55f262afdaa79dd7bebca6775b
2016,4487b9804662e62aacc14e6c3dd10c1b8c958b7ac8bf4f692efe3d0dc951820c
2017,29fa5a8128ad383130b4a0b86b83beea86c80275b10af679fa05054f4688f141
2018,196bd321199ad9f25fbeafae88880d249f5ef3314dc34f7e75f53387e794a5d2
2019,8e334a1e254c96b36c3fbff725692472166e395f9505488a9f74ea01cfc6f36a
2020,9db96b94fe834ab4bb64ce2433a2f605ddce76c4a2347d2045c76b5176a644e3
2021,af1a93ef0b5d89ab010003a2e545f75dfda4647e9fda60b4b8e6534c87b81ecd
2022,a2fa88752e054c0f0f59676f58bb12ef925009305c1e51828c0dbabc8156168e
2023,8b4694c7b2d3fa806950c18f80203765347e8449b28bf1870d3d87089935827a
2024,fc13e33277b5331fa0a5362d21cb36fd9926b74578832b44a2429bc6dca05d7e
2025,1e98b63fd5cf06770770aaf36881dacee066400f6fe7ba44beb48afab56cacc0
2026,80ae0dd0cd2354e34632bb4d0e019fc3711da761e5a3ac3ec6dffefb16f1dc95
2027,e77a62b62bf327e176e52897b6fe78a76466181944fa2c1c76939a308a408f13
2028,8c65fd0f822fb22edebd68ac978d8c8ccbfc2532d889a46e52557f02a8bf4432
2029,4ec3def56aaea4754e0743f04f5d5954806eada189cb6cc210d3871e6344a07a
2030,05076442a72d0590ad9e8c25df3ac428bc9403e0b41162e9987f7f67858fcafb
2031,46ee5c53f2ab89b98f46328d1899aa42d11ac5e7d2e079566beb926a11202cdf
2032,724eef068a3d3f714c6086040163efabd9153627d4e3d45d20c9d638b2071e09
2033,a843ed5f9445e72532fa0cdc6376eacb34b7b67280e9cb766e9c8ed912319ab7
2034,0b4848c0616dbfe7d22f411a7b04f30681b4168887db0dc891426fb7e6385d6a
2035,84795426942fee13ac153077e656d82634d3900a8a17e56db32b018080e95b6d
2036,9701f94d3832e430d47d3b86dbb7f7426cc7137ad9b5a4b4f4e86aab39399740
2037,ea6fadb299f688018b89e1468fcfe0e8e8f9b5b7d6f51b85a06f9caffed6ab2d
2038,a3ab6e120b33cef714d09655b17f3a98af522c9fc72086b31fe25ae69df8a716
2039,25e240fab3f86af60dbe7aaa74683cfc649e96ba35266d530a260d07d85c4f5a
2040,900e49a18fe58975a71070840ec8344e580807f9d80602a5e58c9aabf6900f09
2041,1e96da42d116900a944424291853669dc8e473827cb5d8a8fc6a76d08f1e5684
2042,c15c11df9a86c5a4a604ac5ae522cf117098add20bd6844f3387d00ff779a282
2043,4557bd12de26d64b19af2930dff24955fb6e2c9ffe869b81dd8715fb08295dd4
2044,632e3cd8a0ae2644048b691ec2ae1878e012448ff3bfa10dd4576fdb484912ec
2045,f94f65f2ae77f57cb35432f42979efac1053824b548e7fd62a949cae0bd8796e
2046,1a50c8be605a12a9408bd3c61b701b794b00d88fb4120b4d39f296676e50f8a1
2047,cab571ca87487bcaaab04e9e453b6361e4eaef4edf38f90639932b30eff9f68c
2048,69a46ce75a24f2f1ce51aacf18eae79f613211fe8e1756425bcb67e8664c5873
2049,84819d65c0723b3f2817835cb466df710d3b24fd9a9c0739a5ebf044768294d0
2050,7eb4ecfaaedf158022fc845ee891332921b4a882a93b9258d35ce55e4b24c52d
2051,67396ecab0c0f1296de481d7f1f2534ee9b0bb60c6f42174bd56c6a64b1d2085
2052,6a42ae8a5df70ec4c4cfb7abc0b463efaed6e8aed4b1e8da2c8b172216c3612f
2053,db79db0fc6a5a662f8a5d46c3d50e150ad64a551e3d0b81ae277a30ba0de3875
2054,43ca64491b06e35aebcfb8a024fdd6f6b83a6ff2f229f31fa195d74f3415ffa3
2055,3e4a41dc3d102065ee27a4bb64253864b04b5299208840cfd4ab36486e8bacb3
2056,0fd5b3979af6b3eca1ea1803c048df2e1da4ffd1632b70b45008f598a6e5387f
2057,2ce9ca450d7805bb2ccdea7e2d10c51cd0a4697b2315f86b885a046ff6ac7f0c
2058,43b03c39ac41a59dea4c9c19c8160e45d93e5fa71951929d6a47fce00c4cd690
2059,1fd0b218b80e2d38306c390c41f3e5a761fccb61d1affa9d682c5d3b3d6ba14f
2060,0c63671d9f47395f218bed0363177d92250363464f58511f8dbbe0aa49021b05
2061,57a9e0e3470d138c2f6fbc15860da5824dc23317766557c7307a5fc958723445
2062,5b3d0ab6f5e6644128c27e2008be61b028646e5de90aa1cb7c557dcb49b34b53
2063,5b55455d6b89236d9164909f2deea70b69d0fc4e8027ece8b7a78590cb6638f9
2064,d8e2ae49b4d4f35bf1f2bd329aaa1c80a198e1800b13f00013517c2f44ed2e4d
2065,447f48992376f8c011f6aa23fa7426ac219c3d8e650ae31f2eec993ae2f6f5c7
2066,c8d27c5a069aebe34301a1a800a0623f2cbaf17aa033a1efdb9e62c2fb1c752b
2067,50fe9628ab356408d04828dfe30b728eecd6227d674600c3ffaf094afe925458
2068,f5d0163aff93efb0f9c8b97bb128567864c38f1b26b91d9706156b9712d8de2a
2069,3e2dff94446e0087cee7e68a349fe375b8e5d97125f71b09cf6b57daebe35a11
2070,48c474599f44cfa0cc6e680fa06e8d61afd59a8be353a018988e6f4068a5ec20
2071,8f52ab7badd398faf41295a447a197ae4ca6895c2a3e8e09241dde43e66a2df4
2072,16b825c53148915a7baf44a46b61cdd8fef4865c878b84dfaf2584d040428fc8
2073,3986a4c55f89cd987e9d2bce9de2e8546ac2fc95f5780350873652b2fb337e5c
2074,92628b17908addbb3d77debf2c9d6c0e7f9186e5336342c323c5df50e5008949
2075,64b8352a6eeb2e11f1dacf1396e6a406ad2b0e0a069d1f35c2fc68303c282866
2076,741c24f001152433c355dc1589311be542d4e998fe54b19620aab95f227e5ed6
2077,841a94e8e3a37e14c8a7bc1f433fb83e87434c1a2628bc36be3840c1cf933018
2078,feb55b11eb3566278067f2accac7de65256687f6ed7785954afb194b5fd31d04
2079,e801178d4e7052e69c0f518843bd2fc82f9a80aebdea5a9b3700aa32c6fd786a
2080,f9cd34f4e57a88c2724b3805e23a94ff6e3534dcafa64727d86721b477f7655c
2081,6ea26ccd2463e0520aa8a04dd9080370245debdd37b4ac8ee4e3a586dc9c635a
2082,23790378aa6856471326eaf90f3fd2898d75dc7f44baf3bae29f6c6994325031
2083,3e229de01f0b133f25b865c3c8f7ee4a8fef902093a49ba398d748d66db4320f
2084,952d44f648dda6a9d92c9ee6a5927c3521ad3b66202aaca8b196b2b6a0ff861a
2085,9c1579f59a8bfa77600435bad57c90ca36349ae06c881f76bf23c9166a38fa80
2086,1969b6b0842f9d5e3fe05aa097aed599315a64b36bc73d770dbf9a992efa79d8
2087,111cee066dce857fe56626593741b15fc0bf40a64dab8bc76cdae66478364ad1
2088,1dce8940fa28df1d6ce6bc3587222558181e30ee0863cda90d03c6f4f57656cf
2089,7d7cbd1e0e9c1b52e1a40d6898648a5a08d6fde0b17c3b3de2b19f86fa71d287
2090,112edcaec9028f11ee637bea44462fc95068bf9a4d4b9c1b8a6fe1f928a17ba2
2091,f39adf7ca5fbebbc6087ef5ddfb6dadfb4a4ad24a1344eba6626c8808ca65e09
2092,6589f941fee89424aa7744195a95e502d137bb13e5dccb20aeb4bacc9141c347
2093,98a1af6e94606f8b5a9a7793e8a783769a0bb859a2f1ddfe223ade8748e7ec24
2094,b3760519c5131dc25adbed23402105b4c73cc8809b791e4f6850e5d11740858a
2095,a64d78cf3823e0db3fa0777e0e1286b95c437e1e93f9c47d5d3a161258585397
2096,75c95749bc5a6472826b7eeb948433b13cf7ec7d10d7455b76bafa88ee63ea66
2097,e9d9fd89f0cd8d236378cda83924d43b4e6eab341e3d02e8c4d8d2fbf3ff6ee4
2098,41866d576efdeeca9414e677b1a1c7f6e998044db8c2521d2f9873305444f269
2099,d627117ab3044f9865674193098b87747bbacc2919d7dd3a84e581894f4de24c
2100,0d52bcdac982926d5e450ed072478f7971ad08a64fda18f172dec5add2afb6fd
2101,a692b8697dab80fe141168d6fe3c182e03e0d0a8a36c5464f12f7ca68043189f
2102,f16b24bec63f8cec6935234287d752e0b592e4b32ffdbac872b16ebb61be6f61
2103,9eb054b10c167898c410270f74b5396fd0be2a187721fc9bede6ab06265de065
2104,c829fdecd422f6f89780944d1537e85c6def2f63c9ed5b6893f0b9e8d2c50ce1
2105,c86542454a67fb0041b9f286f48951ee92683809d641ecb74fefbca783d88cf4
2106,527b944ab1e197b5add74eb8a52256194a91d5dbbb510253d0850b4e76bc164d
2107,6d068a43fa75764c09759464c276a0776a8634aa54c59f7953a68a25e0840e6d
2108,71bd6572780bf5615e1f4f0c1762cf8068edf388a8ff80d938d8efdcb384e022
2109,2c30e7e07d8cd5b70fd36961433a38661b000ccdcf5f72e581e2825227ed8337
2110,db8af46152a39cf5dbebab0ba153a5abcfae0cc3bb58b81f3807f6859dc9c632
2111,f92ecd9e1dbcfb76cd9acd0635b1cd421657e7d5b70b83f23b447e7f0778a1a2
2112,27076468d95d9f29ef0f37ad8f341c69dbfb2d5e4e79925ce3e6452e3457908d
2113,43977fd300627b177f35445c1fe7d7647da7f48bb007c2bb844e3b50e629a3ec
2114,ee49cb83acbc8c276eb873d806645f73ac8675b076c27a7098117f77176c2c20
2115,81a5c9f4c8afdd4b7475ad32d117774cc35f7fc484e2d6f4393aed0f1180c41b
2116,8af175764d8308ad1544f64e30e55b8babc81184ca6a9e5452c1de9b68a38be5
2117,2a4aeeea0a62771f0685d7c7515797501422e24649c80475b503a8850b9fa41a
2118,145cb851f83276b55859c6fbc9da6b1971574c63e311b8dfb2c54f5e88842df0
2119,499e21a276856d31037e15329c1a14623473e04b12415f2811368459e8cb0782
2120,bb84d6dd43c4fd48ec53de1654e84e755250221b9c4944fe233ccb49fadfc686
2121,a068cf501c7545f0603166fadfb8fdbdd8cbc100f5e6a69a88c01d71d687b306
2122,745769f35b6e4eba1477aab41babd0cbf8e6f3fa0af196a33cb5883bf95315d4
2123,0e85a4cc85f07e1ad8aa268283ae7f2bba11e845bcc1aaf713dc89ef757c45c6
2124,bfcedc40f9b6fc76a94b2a9b05d01400d1f2cc3411e38e3a62e7076fe67139b1
2125,d3e669daba30e14a3afe91b777161c1f562c42c77430e994a08b301a1229758e
2126,b3408faa09924cb4a16469176777f1a1ce4fb15f305366efdc918c0825682f91
2127,a383fa984d92625c02255dd28f8377162bab2d3cd06dc6eb7cff53489875e92b
2128,ebc8e4b3bf70645d1db3915a5b6e30d4fe3639a821cd981798a759e016c84a0e
2129,dddb14f6dc22f986d537f577adca4688ec74b8722d057f12e93b235348e51e63
2130,ca05590e4886ca603b38c95e2a5b75f41edad2c3d58503a3ba786510a5d1cd89
2131,d3c0f5bdc00a6b7d31590d3ce2cea230319a77fe6452c878e82bf07ff5484475
2132,3b4be7b868501d6b4400ee9a1be5d3cc4857dc90745f80f38b522f1af894335f
2133,ce4deab0c21ea0ec7587eca3db285ef0543c5959b8ba77a5468464f0cd931d6e
2134,1858ca93e68b9925691f748d3d71cc716655446a5738712129b6a6baae3b775e
2135,1a9ae78c52b618a9e03844cb9824c4f00a8d3f2bf2b95e3ea82252a48f4e31a3
2136,4c3c5c21e608d465e39fb77024626d556df62381ebb0a5eadcd9253a583cc726
2137,370b158df7b9f8ec7605e551015fe4fcefac7d4b19a842740071c1bb59606220
2138,a47f77afcc74c42c9a8c4d11dcbed9290f370550461b415669a817aeb21206c3
2139,3d905726ebd479bb64adee73de4fb4e0fddb28eb106c44eac597e7814545349e
2140,e9ad735fa352492f560afe405b549c688d37f1dd074f32747441a83f93a7c322
2141,9cd2f154b75d31ec3db6c81d6034baafda8ad643d6dfc03899eda6d2610df13d
2142,43a328880e2a8583d5da940a9708ba9284c27c2e4656b192f239b01b9f66140d
2143,f12a865ba1f857341acf62f2905a361e7e0708d1b1f2f32f358b106186a428c3
2144,28159b3cb06d9a7f6f36bc68f5ecb82648c2160511fce6087e40ae993b5265fd
2145,65805bf91942699f3a7bf2979a0690250ff10b32f673e9da331632821fc23616
2146,c08dc8901296841786382916a76a3c690553e9eae0118edeac3dd8175492712f
2147,87e1e3813100708f43116bcc6b7376d7ab4290854852ad061b3299f8958488a0
2148,9e352a5e8284b52cb1985a0dfd60d84814ec6cf913ce398cdb40bcdd75b155e8
2149,a029d29646b4cc55352e7e9f2c58409ba85171548f2245366c581ae369019ae8
2150,839ae0a5c29332eb2e86c7de11d3f077dadcb0b6a8af910644fca137a7d14afd
2151,669c2287b798e7b323f2cddd2d72568e8333ab7cef42aab8f0726cef4f8c3de4
2152,56ffd28ed1c31f5678d235be4c63fd58c1f2a65845679f3d71c81939e265086f
2153,ed29253ba5c55d6db8341100f40bdacd127c87e642ea8a16bc94ea938999d146
2154,91d2546610642859fc228bb299549942f05cd2e7e4518661eb079a6c5f997572
2155,07aa0627230d8d5112fa4588a749f3a6beec7a3f7a7c2070c9897c6b37e5d331
2156,fbeb6a6841dab9484024faeb77a0878ac22e63f835b09c9da0e850f541c95385
2157,073451d75e71e653400a233f88a1ef10c6cb6a8865af3b071b700752285fc11e
2158,e8e57f05d63cc7fdfdb96defbb35fc4234773c59093744c5054381b05f90344a
2159,9960f04f1ea43bc23f63a19d990b7d4b0aa1593cbe6919de8b01aa5b63776210
2160,917fa9ec7f3ca0f7a520bf90409522948458e7115a0f193f1513d1ea9bac2e40
2161,e647008cdea54abf7d22a421152fb43f6420ac8b6e407718c30a033bc0801fb2
2162,ab7a953a7b3ff1843b073dbeda73aff9f9a063447493499b34107368c23ab7bb
2163,1d8b74f51ddb819fbafc06be7806d2fa56a015c3ab7a17d6efb5554637a976fb
2164,5749578eb5ceed5dbbd0e654d3d62afb1978728928ff9c971bb2d486fbefbc90
2165,e5de1ad5f805e8b4f018d31f57554eee39693f7ed5bad5ef4033de4cfc6ac37f
2166,993ba0591513ee364405253a36145badaefd49e70ff1f7ec78116c94e672abb4
2167,8f4f277924acb8aab8fa6d64e7879634bc8ed2fa6dd33fbedeb0c2507be5968b
2168,536f534760b90862a71dc0a4a57b075c0f6b28b022eaa05df3171e94cd96cc2e
2169,b7439a514858e21e897afcabe411951a40dbe224a6ee13cc04af846cf93623a8
2170,ddf320abf16a6b5752c46af54428e018f235fe57fa2497db5c1e4ebc03fd6d14
2171,32577e8a94e646c23348dce9714c86aafd6e7745e58e01c73b02f7c55df87a7b
2172,0a5e9351313622b9684d0cbfbd3775ddbaaeb9085574310536f317f21359fbdb
2173,a213bb96d7ce1be0db0459c76906ca0c47bc5fde9fdcfb77e1cc896a958c1ef7
2174,c3716653a9b5731daf9c7b4c3023d8638c78b07ca81ec5aba45bd7cd8b44f7c3
2175,f816d43c3f856d1b09c62cc7af1f16111ab1473343f42ead33b25741c55d25f7
2176,3bb1201b233159a909fdd3fd5df287d145887c9d644b55b4b3969b16c8c23560
2177,cc9c4d9ba1470c2ca76a22f0d6ac370ac7aa22e9199c067b7c03494a36a47ffa
2178,8eb827e564ed5e70215a48ca0ec102426890fc7f65c159dd9a8862eb026488d8
2179,dcad86fe3bf1104484e6f3593f29c39b8bf5e78bbc169f60aa12c3b4eba0ad90
2180,4a24fead8631bf24af848ba86a7181512c55ffd77b1200d09ef5c06cfd977b91
2181,102c10cd10b8d0dd2e7c99cabe4889c824b202b7de9a53bc2f24da08be169f18
2182,828a27bc29d78b05c898b5e867fdbb2c0aba12b22ca7e7cfdca7706ee7fc7c21
2183,88b3a636789eaa36d4710e68b82099cb0ab5926feddf3f7ee55442f4c527a6b4
2184,d7b7d3f2dbaba9bd52fb8bf290d4b4acda659187b9b3464c8c46aff17555cadd
2185,609e9e82d0c7cad29ca6a6eb5ae3d34667a0c7333b09560d8879c0681eb8dc11
2186,b58e402eb88d2eef68553da7df6f65e84cec97dc0c82272efa38f1d3c09627c0
2187,f5f845d2d3e3b0a5345e9ebad24b59cb2085fd7be33f36d6e09c11e35ca47380
2188,f947dc0f851a96ee5199a3cd912f3ee18cdf2334bd0dde7440708d66d9a47051
2189,07e06f12c7a4f3008a3f90b969b148408f8e83012ca6e8f6c9ffec1cef3b60cb
2190,507a55f0935d7425518230f587741f4db10c8e422ce987c14786ebbceaee5652
2191,0565f3c692629ed26302660b7e1197fe0a3bbc1e127a9351df5df1f7909234cb
2192,95368e97dd1c021a2340d3b22920a1552b584d41a1da7bffac11f1179bd56d96
2193,3949f22fa111965c9557fd36d09118be4dca79a8e9c21d1afce09f9d12eb4884
2194,ad69dbaac938cae3bf18125ff9d3c507a060d17dc6185551b8fd41e3662feccf
2195,81e6eb5110acbde425d523774206530e24acdedba229dffcd38de25a5d4bab38
2196,201c5cf152646044d449330995d7917c11c11e634f9c908850cd0ef7f80087c1
2197,5f7450a441985994df9330424354da346f171555d74c5b7a31d82e959fc1f468
2198,ba3e011ce0c58fe01716ff5d10fe92e2c2024d0d0785ff8390bd2622a7b87d89
2199,fb08ce32ec85c21b2a15f534c28517c99e67620631a1811d7cfb93091048f280
2200,559690ecf87aaf746b3634e497d9a04f6c15c3576fbfc11a888deb5cdd8dbae4
2201,4b75b1455e3c0f129bd5f4b75bb8fa9dd0ca3f33390554593e9382772546d4f7
2202,bfe7251be78e7d779e3d458b6fe4b7498e5de67f7d737f30f73b9650cd1b6ae0
2203,21b8403b6aac220b4355684e169665d3f6185dfa8eb4b131e19792f46df34bad
2204,6479913a0725063260119bda47b660b8cd82e2d386579ba5d3fd22bd2c00a489
2205,514336275ead9eb01c4ac338f3c4e847e0060872493e117db9622128d5debd87
2206,234a28d451733120341e18116b2b1f8f3e9206b4b66db2670806557b2687385d
2207,585ac822577387ae10ca8e3caca0f18ce6f89433ad37a7d85f6fbea7186c261d
2208,aa11ac8ef91a5670ee2929de4d121ec1711a8aa6e13ed2ba8a03d1b7074daa40
2209,24cc83704dfa70fec5e884dc8b3c34212ad4dfb859661beba34def356bc54ba3
2210,f1b9f35d6169f1498cf5673a30d82889ff6ebdb4470426a2dd2e4e7b160d5ba9
2211,37c91fc6fd64205e370ecd746703b2fbe7dc61d0f1f24bb0337481133a0ac074
2212,fb81e4564a1e1644d333ff2a4c91efe0006a6628d2b761bf0ef82e2bd9fe1ba1
2213,1905937d6ecbcc69a1f488776e77f3a6c3f4c699d68b88c34a71eec288fa524e
2214,e812d4dd8ac5a4da9fe0a14bbba34efaa7f40b1f53df5b9e02c2113adcbea762
2215,b694201177bc4b606e8f699adc848d41036cc657a930832cd63d81266722bd6f
2216,0126ea55051fdd2250803ed11a2165917763bd86576d800c08bee2ec43cef060
2217,3b7a3bfbb4d994d8d645ae56f3a3e583adbabf03c7aa155c846679b0fb2e8c50
2218,4e7a4afcbd20a82a46749d4d65f19a336860376f65150640ba405bcb3d5b70d6
2219,8e12fc13dd2147634095338f6b984b38251d0b5a536b46c7d5a42e73cbb9b6d7
2220,e16a2f48ecc703f87e7627b2b726e1823611229d965f40680706e6c0974a292b
2221,26e300dbb8c83aac0e8aff2a0cb29626adf4d9afb3fc2b2e71f4b9f04b884afd
2222,07e2ae71154a006337d7b047fb33c2f8044acf34e37a209820d974ff4ae1cc86
2223,ff1a2c223945a3ad6a5942592dd4efcf5c42560d78ff557df4f18a0e13f70545
2224,ca06f01004c96378e1c9de0623d975af1651814bc3bb92cbc15744f765184766
2225,4abd519ec23fd8cd8fcc0b3a097ed23d81fe6727ca978d7e35daf328ccc60654
2226,679021d06466871a51804b273837929072849cf1c3ca2b0878247f76a5e6b8be
2227,4c7f6219a687d01c6f4f42aa306711aa65dd3e2255e0dd234e889cb66e6afddc
2228,30e66b05e00fb0f71b14397f26448cd242ee1ac3cd17e814653945e8e7f4e1f6
2229,283dd92d3c45b4d902b843a0f391ae812c961806ab7969625833c7f486a5ecd8
2230,e7380189f3f8fa6b1a11b75fa6d46e6a4e6628624e74c4d0b22f74095335fed8
2231,bb6ac68d20731ff83a54283f8a32d7f306bfd888958bc587db132a6702cbe6b9
2232,2db2c92c4d56121525f8614f3d71e74a52b59815e3ebd9b583619544a4671558
2233,5782e53daa92d1ae3fdce5c752ffe0fd1cc8a4c97a4cad1ad4814057ded8754a
2234,e8164f1e7a76e312195a44ecf5d3771c41ee24042a953728b1038d8d2548c129
2235,a97246bb25a4601029167893489aadee70cdead8dfb060cedf122864ff1a394e
2236,fd2e9c2036e20e06198545b554febc8a63910a5b787d3c80199b2db8d816eb79
2237,04b9ef9efaaec4afee49fd2d1fff6abef6ae41e7715fa77e58e67eaecd4df453
2238,7505c443baca7b8829aeb55be636f127ec48e1d3f7a74a38c8c541a34ea9bbe6
2239,cde62706df0e742e283faa0150433a57135a03a27b309c0175e65d711960bc23
2240,dfa21f6ce22c57bd6dc81bd4fd1d40ffea9eadf520282b677bb85b8170a68568
2241,45895ad85511d2a9fcdbde08f9f9163a80ddd32e0398f61e964a216a883cee0b
2242,a938c355febd5a22edf22dbd55f9673ce30f8668efae67a38f7a7e65f0659b53
2243,396a27396dc449d268dd3444190257a0de32d0cf680a8882d62ecbd04b9b37ae
2244,32d39b0bf05fbb9cfa4b2a6c83c0a7cb4b067217b8f626d2308cc4bbba01fc79
2245,059df3c64577cf264418316db3e59803a151ac21661bc508fc0c03a850c8a2b3
2246,e82ff66ebf3a030d6159637c4469bd6290d41488eff435b8bcf85fd329f8ee5e
2247,347c1e5928e635cbf5fdbdf7244310a3619978b685096973fb9a2acf5d0bcecf
2248,963a4adfb27b498c7857dd254923960442c558013ad11c5efe6fcf6591b7c35a
2249,af359e96200185d5b692269b83e65c8b7466bc415d4cc35f8781abdd5d9268bb
2250,edd4f4450c3823a805adae832c2a590ef868ae7fd1250b706cba4e49144c25b6
2251,206418eebaea2220ce2458af6283cf707b783860addbd3c1aba7655261b487b1
2252,524acce3aa6923a9f2cda1217eb06492bd4cb23de967731a8b5026727ae15378
2253,57cbb0c6e57e0a27ea4153cdc63bd9226f94bf891bd3f96b55f1783bf900352f
2254,fd4f9ac5444e3682e15a58b66ad6dd2036cbdd3bff28bebfdd5e1c138f2232de
2255,b00407160a88faa8f05dd61033dede4c94f8d0593b367bec96725fe5614b864a
2256,1d14ace5c104259102d1735740770783585a141bc5a8262064e67ba84031b16e
2257,ac36550e857ef683e585bb33d18d668a12cec61d1b8661681b36d3309a958993
2258,0c28328b22dfa80791864f92e4665328319b2217907c7b82f7940522caec1525
2259,08851a7fb16b1db0d57e511adef7eb394d5817c06b62978c00e87c9c5b43d7e5
2260,981fc3293daeb2831acd1370dda22f6cfe2a5f58bc575bd19d1fcec3477566ec
2261,6b38f4ddd386d7219d1ddc8449f9eb68e1bc7e19ed22858d49e18b6cc2978a65
2262,af025258c4c350dd06ee936079afc99ba5a0e9613626e922729d3bb23a573daa
2263,d581247be84690e6d6125f61ad3a386373cc0f50b8b3d9e0f2af136b06ed598b
2264,d6e67ea600e3fc4ea8436d35ecd384d6e07a40cb1bd9b028fb405cd41d768e91
2265,7fda5187c0d0e8fae0d04da996e5a826c3f256536af7a962d75cb3f24279673d
2266,b724c4800ac61dab596882f37ff9692e00ed94951b6553c07362ad2ac58ed2bb
2267,5d11b11f631daae26f701d74948a1046b5c597ce522be0a43ee8e827dec98a36
2268,0ecc38e144d7a66a8f4e8fbc235c245d049775970d55b443704107c702110791
2269,2cb6bf171fb1f4dbd1ea4debf0483e4f8042681a364ecaa7188de56f5e1438f8
2270,4b78aafd20765d2edefb521806db568f07809443539d53593206076389d8ca6e
2271,57bf083fbc1654793e230e4d9797e79cfa5db5304c9e0339779dc8c0b1108c50
2272,6ebef6d21535cde477abcf52233ae12d4923e3805fb7b6b7011ae4e91f0aa9b2
2273,9eadac7aca7949ddc810c0faa3d4dff9be0a2e628d58e3a4a79875364764838b
2274,bd5da172a5c6c958e4add5751f366f893482b4ccf8b04539562c084918e21776
2275,ba16db4d2523fbf5b9c6a2d952eb2c1619cbc67470dd8bbecfbf1eca263d47df
2276,8ef4c3f53132d4c241a836abbb95f956d9b4154d75a30b6544a0d624b297b7a4
2277,59afcb50707284ace348662c194420d1b369bdc35690dd0c19a2bca49aa4b37f
2278,eaccd40c9220bb68660eec0a375f530c82da7c6e351f3a428cb12d6d3d1ef36c
2279,5ab360320473f55cc98bcb19e0d844d495470b58b81968fedad898846728fcc5
2280,115dd7165418424f4ff69cbc7fb19435a0b3c12f9591d24db2427c3ff8d97fb0
2281,6b7e57273603c716eadb5f1a0df3c4e59ff1dfeedb4a30acb9b69151a1a2a2af
2282,fb7325212c282b311f61e20ecad09791a8ef64de9d5484b1399eb19d20e6f90a
2283,ef9d48030cfbb2cb2490ab6ac3f5ede8a64aa2bc618b16b9fb75d742a2daac03
2284,9140c03518d5b360555c33a029491eccf344ee296b358d7cc920560dc612aee6
2285,9731289e6821e70ed792adebf47c2dbeba06092c4366b8382b896c4fd05c56ec
2286,7bff1433933feeb237aa4bd03823aa3d6da2128a9db9a95dd4a3e2a84d103614
2287,49b664651542a3d98df98a0ca954c1d85f589d99318e7bcbbfcbe73e6a9929d2
2288,cad60f33db376874dbaae4ee40b787037e6c5eb6764b0cb20d59fdc341c33386
2289,4394fbf62cd68cfcd266742f0b757baa1d4b20b06779430eac187f5c1eeb428d
2290,33937ab5a2253f22dee3415ba98d8219ca1b7a8896b8c8406a38c54f3517b58d
2291,88878da33daf603500f86fb81d7b0c7279790513b41b3fc3d9b98c2d441360b8
2292,d5d16d6a4df187caf82fe6b442b9e6816182780022ac93990308fbfdd5b1193a
2293,7385f52076a1adf1a30d838794ed9ad5f36ec2b65af69806277d76ea07894c41
2294,5da0e6a251fa8af417637ac0b7fa3d05866ce2e7ae18310237ecbbaf9b1cfa27
2295,c51117245474a7d86d86620dbc6381a7a55ee4a9a42cb3fa12427573d3ffca8d
2296,35ae75299145f52a44082279e7832d7d53aec14b519c7e4598ac1837e60fa278
2297,e1f792066a4fda7dc7747931431dde773184d2e6a967811d87a811dbf5d335a4
2298,8a63455d4abf7466875338c570fca69552f15baf01fd539c252545982f5bfefd
2299,7f5520f0cae410e72403975b7d33e3cc02e9e14d04162fb4baa0b22674f71fdb
2300,785df7cd3e4401888f1edd080cae93ceda5cc806669d9f44c8cf8e22ce790aee
2301,d690f9712093d132d3b996e713e088fc86858329cfd3f669b5c1ddeb835142d7
2302,f5d253be529320dec929615b259c85474244a54212aece6a3b1fb1aaae39ee78
2303,d1c0e7a9ba6688287564ba604da79135133e304a34dd787d35a3364ee9c5ee0c
2304,010fd93ee23414fe21c904d6f0f144975f6afc573ef1be3dfdeaabfcf0cb4405
2305,bb5895d79587326a5c7737d29c6424b499667691f077fa92c2ec13b0a24806e5
2306,ae5bd47f3d84029f7a239133102b6f308725270fd707a471a1f3b420bb345819
2307,7416f7f9aca562d6f258696da8933d9b4ac882d9b655e3927f2d970b9cf137ee
2308,06472222b5114a0b5f0a894b7b15a26b3b240301d77b071eaf19802c75ebe18b
2309,efe420635335dd664e7ab7c8024eec1aaa5494690730dd7185977ed691c58c36
2310,6d34ad29245addad32612ca961ae2ce9340c1f0d2b15103535ad6c873a4dc2b9
2311,82927aed903e247c8cda14a99261d827766fb62ac306b7d8fcfd3e9b5a7ed9c8
2312,16d55c43f9c63666f0f6afae8a29296b5a016b14752422514defa0b8c6ec507b
2313,61975d51aa6b4acdcd0dbb3198ac3f4d8bdfaf87a4cb3c83d7765c751dd77452
2314,72816979243e927985fa8206d6f44ff824b1c9a9f276ae135bd3b835e80ccc62
2315,441b541b146a5b74872a0c4a4aaaafb91ba66621800b7c009553ea872b6b8ef0
2316,fac9a59581f23c899f3129ac3903ffb623888b82fdabe9df1e42aa763072e4cf
2317,1b45227251d36cf314f384faf659a260eec0209effea97dd27a7890636e0390a
2318,2f923230323cbfa4b47eabfd26222d9b359763317c3febfb9958a3f410e68b4f
2319,160b01f8ead0a5eea2a73668294eb91d08bcdde468800d7c988e43f3599f6938
2320,b62cb57a995ed94c462b1ee837e59557c2686293e928da2ee62c8049c8d2245b
2321,dbd53f2a02f974f5115734d9af0e9b75b16efe5a3266e7bd466de2e7dbb78f6e
2322,16241ae68ce5e479d0f3ee77900613dbf37b10805489ab7058f0231057556d59
2323,8176940aefa0e327b28e87430ec8156ed7f6f67fac5d5e274a86ef752c374ddd
2324,ca71456d879a5d1b43e9c6b9a3584dd5a77140569cfa4ad4ae75bf42f9c6975f
2325,a3332c6d326213934fb628a47386a74bdb5982f3a2d54f2f4d3cfb94275536bc
2326,11766389ef5720c05d4550e18240a87abf1dfba3333194c089a3e05837cb35ac
2327,bc2a676f1ca8b6a98f8a51929de3ca71df51088fcb01eb4afd482a5fb7cededf
2328,33941c98560ac09473fb0b0eaec6f50faae9b91a60cb6e6d6aa2aa50d9c01358
2329,59d6c1606d8cfa0301e0c8d1fed7cab08ffb90b21991f093c7341bea6d26102c
2330,c4c2cd7d49635723fe7438e6b6f17b7799d1f0d333fba091b941c75469bec5c1
2331,377bff5052e8115d661c550e375983cb6d1e6a9b4ffd6804c1b8ea986c14c488
2332,963be518b3ef4e386d36d8d64c59de1a15265b2e5e9359862703e976206dd258
2333,2b1a1b2544b61e1cfdb007c33521d9f95d497b72d998a286cfbae4e80712ca71
2334,86c9562eb8683922ef1dffa6492e4e058e90760d504a98af28d35b981a8b1ca7
2335,a5fb55706faac5fafb618e004882533f85afd1b33f1ab346b9da780f9fcd9a57
2336,f6cd8c4befda9d29305e47062cb06840ed54f00abd2cee543c3dc9ba648a7e93
2337,e275beccb5fdf5c5785b7c768dcbd78eed7a8b6ac8beb7c5a95d6ab77dd2d1ac
2338,8e2392a8c02d66b8b698f854e4f7ec822ec4e4ca52252612d79eff4072e5e4a1
2339,6b11f1ac23bfd9b12e2346e53f5e2432b6672b858c1bfc05bccd5ab97ef356da
2340,b01e899845041eeb4f1ee0241ff95a44cc8f448e739c57478ad4ff174d53afa8
2341,5c823cc2f4e4f448589e5a50e5a369fea57e66d6727235fa1cd1b5d61c1ebf5a
2342,0d19e8fb2dfbf3105f211f2702d6ab360ce8b333621075a2c83e4fe94db6eeb7
2343,1a7672efd8cfec7a58f08ad8518dadbbc4888d8958e0749424fdd67fa3e71b74
2344,0b5aab35c987ce6389bbc496fd9dc9d29931abb1f7bffc4d5716a00a29eba663
2345,b8584e9717d1a2a443c261c853086d6a9eee077bc49f351cb46775da23ee1eb2
2346,406c8842d2bdcfe280e75172ae0039de251274ddb22a73b850c9002a9dea7667
2347,68e991f70313cfef1ca1f5df799a0592702454c1956c46c0d2e67684a2432d42
2348,bf59883a13b8da6ec55d12d95d1eaf41a5a7f9d3ff6bcca88659686f4dda390f
2349,bf5560ebe3038afc0bde9694dee4b24b16ec13179e5f3a7d0474b7e8dede3368
2350,cd41a6f367ddbf8398f76abb7ddf3120e59cdf292f5c9ed321a0e2651e7d53a2
2351,19d46910832cbd8b51c2709fa186c8da02a528c913add5483f82a8bc84ae9b1a
2352,91d6222df73e9f2ef1228d56afc78d2fa17f674ae41286ff955cde7f246070ad
2353,59fed328a2a93bacca2716cd6257b6d60f2bb5189540e65af32480156bccaeb7
2354,3ab2388a1e8511beff4262ca2c2f0f2adfde85fb17febe886e9602a9c795f390
2355,1ec40ff9bbc6879569047009da089ee8424ae7b67fbf3945c3946f9b5682c92c
2356,f0cddce817253a5b3bad4a9c272a334d1cdc1143884cfa6ec1af0b14e22ecbe4
2357,52f74ab4d86fec083bb3b3a1c1b12ca6d082642a8f766354d78bc0189476ecf7
2358,7988f41f21a1aa159f79ac76b2501311b89b9a0a51953fa4f9dd65ae21ac0c00
2359,e06a04609dabe7d177fc5be0a737edb7c8ac1ec3539392bb3604f860ef8c4472
2360,b9c3d46381b91426f843b5e07ad61dcdd17cee534af5c8f35de884094c0d2da8
2361,efdafe7dde058bbb66354a1317e2e1bed0605dcb69efd1e475eabcccc684a0ae
2362,40ddcd92a8088231b933b10017cf598aacef5020525bd780cab39bd64dfec141
2363,20efd17c56d08b7194cf7c93a76adfef60e2f6e49c603d1de75740414d1f93b9
2364,ea47cbb3d44862bb95948d4ae308f032fb6a4503e220a6da06c3df154446f5f8
2365,4a137cc78a0ec2092af94f2299c3078869e1a8b3afa17bf7b35995d191d2001f
2366,a91cb0a0c59467d156895489642afb57b99d1812f9b88ba96b11955b61557818
2367,f030c5dae82b149dd486eab8897d390b7e86fd801b2675b767015daebfa06cc8
2368,4224f05854cd30b58ba773d17478864b91738fd27a1d7b4e7026036e4f1e17a5
2369,094b0d16cc1b04f4bd287d64ecd74ba13520835c19b56fa55cb7a85eb6ca87a9
2370,1c2bb84053183e762c811dcb0031da800dd4ccefcd6166e235e7d5bb9e27a89a
2371,6bfd252acdc91c855dc18178772bd0894bc5863ed92ce52a399183a474277fab
2372,d624dd2acb593d98920f590c5c979a6af8e2a7665b76a247e28a1de6f2773bb5
2373,1b2543e0bd9730945e10d20816024496c8ae3a1dfcebdb4ad8d13716c0f907ba
2374,9684bbb5063ea2d4daaf0854fcff55e8410b90137479f1b8a3ae184bbbf03f45
2375,c5fd8ff3cc1ced3a0a66335e5aff8cfd2c329b51134f8fb3cbb68889332caee1
2376,059ca2af34a8cf6871a434baea1c9b51abb75d11343bde542dc770387452bdb9
2377,41308d29f1699617174832c21bbea7c7a4ea35b5b98c2fa84eaa767bfdd999b4
2378,e5c0c0f1efc532acd76b3487c45d0cf2911f62db185fa5aedd1811765a0a3bc2
2379,699e332ee963b09a98c86e1a44ca03976aaf902f40af4b4d53f77efeaac43c3b
2380,d02e6acca0a0f7a9c21f2c527cee24cfe8d62fb6740e9858a5722117e6b000e2
2381,59d924c8ea8d85156361d0a98c0be9f9e274e37b3d421611761a4c596b88d1b0
2382,829e3feb4e8b7ff93299d6f77b3091a503e46ebb4b6dfcdbe3ef96262b5e083a
2383,b86e65f854bbaed1fda5d0cf5d811b5657463d5c59fc37b6f96655994bcd1249
2384,6457fb9d1a89a1bef83e51eab287b97c1c1c74e596b2ec6fc2dd04fddcadb3ba
2385,5f0b52edc659290502fde76389fc4bb7ce3b511497d979997f891a82895655b3
2386,03b7bf3a1d256a9a8f0b4a22df0ce18f737d8b87b1a754834333f0ce765a8389
2387,fa4b9a06f849533ecf6c577cd6c3c3c0f137b99443ccffd6043c763c64dfada6
2388,b80068602ffb69116cf4d51119e142470ca33323b3ade552d2618e2f2b9544bd
2389,c8d9c966cef5b1098d87dcc6f864ce07495d92cff9c1929105094537088b2d30
2390,37b335f371e927c02b7e5a1f89d4cd87342745f94091c4ab5dd4878bedf0cff8
2391,8aa7e7b36257c8cc3da02a7d7cbbf4589f9739f531dd3169fa32d2283d04bfeb
2392,ef671a73c0bfaf3cf21e3e2c122bc4db4283bb07bfe3150176222f070e0b6c8d
2393,cc3ef317aa2f18bde88c616d1760910735e035b94166f086d1af20ca4a2dc5d6
2394,be93b16dae12a506ea12b7f987d54738fa1e790a84766b302fbbd8011c338ba5
2395,8594a642d2e61b0e8bea0fd8769b853e4919f2d43f5cf84cb4356032223aedc7
2396,0ed1e554f05ba57eab1b3b6e7bca3b2d08a5750c698f133fe8d6dc187f823592
2397,6826ea726ac8022b4cb7e361d1cd299a44a0b31cf1e4d74660ca571e2106990f
2398,1a43e3f47b722789c89999a523cbb570931546d945ba7d76d57fad7c44c8733d
2399,0fdb78dddfca96a98af83cd7cfa23db0f1f89214e8cbeb6d3d094fdf6b8d7a11
2400,cac55920d6b7a0db8d5a707452f4a7d6b34eff1c64c61ff1d7c874781939988d
2401,6b12f90e95a775fc147df7ea84859a567cda6a09cbb19197d8b51c3b32613da5
2402,b36fd1dd826e0463caf43863ffc55a0cba1adb960b42f6c7ec5879c5f41c2d79
2403,2e9818a95cf73176ccbcbfde22cce4d13a5415c5a057c9613a26aabaa3f531b8
2404,9c511be98613d0ddf6dc176f47960eaa293295e606e28c4d07e7051248effcfd
2405,7691ac7fa9d60ff6116c0cac06b0ba39ba0294ec66cee4b8e9ffaffb82e7bf2d
2406,6a778b7cc79d02017a283a9ca2b81285724f9a4085ea44b6f83f10cdec4e9d4b
2407,fa9136530a40f99f38530576e4386ede3c7e4a22a6c571707829de63fc5cccd3
2408,65605de9b91bd489307f2079bae42c885c7a45fc87bc51526b3200f2f37af9c8
2409,e443327ec5be295f8404b5813e1552a9496443ada121ddda293eeaee946268e3
2410,68e4f9a8fe884a0a8526c160cea1b124a87e52369d166dbd0541ea5b578e2410
2411,b8f1ee2a7b7e9615a300dd5040e7293291666da330d00dbaef002554102c273c
2412,b6650bf6fadeaa8287e227e3f3fff2675762fcb0d094c962a7574add7c36df0b
2413,68786fde3bd73cc7f6bc2ef9a0282d5d6d7c2a12e966db3aff689fefbd51cc23
2414,b737c41a27f2ecd942ae0fc7ee9edcb626fbbb40df2baa658581ab07e0d3cf42
2415,9405158923e1bab4aa80d22017f88d609437dad75ee89196e629023ce07da31d
2416,9f9354858ff45424ee5fedd2f710b2c419675617b77aba6567ccf0aa87ede692
2417,fbe8015c1e084f52bc82e513ac5007bab85136d0a64e76cf542b317113c1270b
2418,8ae6aa39623a01c4fd8ffda13e78b21a51b70ec62c85311054bb46dba8be48cf
2419,9da5c04ba6a15262e15536c1fdd946f7eb18373ecd73e83f9c87a86934b8d3ee
2420,59fe293777260014f882de1bea20fdf9485607d34d3cd1c4c093bbe911807a69
2421,791f83d9c9fd422f11509e1e68ec61cdb44c955cfc0203c801d018bbaa02613a
2422,895c2cc9023496348ba9eeb8ac40f87b529bbbd2c01767b31e404e8c9c95f09c
2423,3b55d2104516c9456e90945d8f9765df82657ef734d4fdd5531d1490af01ba46
2424,6ea91c1edb34d46e42b24e176f7be1559f9378379876511dd6bf6d063e853243
2425,5900418215b9c1911f4d0fe718ed7d228558673dbdabf64fbc370e79b4a56926
2426,db890020da48f74b9e354f6146bb55b14c3eceb7d501b097fd64fb275155b8d1
2427,e866b54805148a5468c7e958aff5e0e85e06e25ecff2cda6ded0217d0cab7cfc
2428,98f3c6294cbb698a2758a70c0ba43fcd3ed6c2a7f4db8f0bd932d1d651c31fd5
2429,57f057d286f7fa6b17a452ed1d3be7a2f2f4b965bbbc56ee9e435499f1727a28
2430,21e4ab32deaf1baa4f6a38362c084da410e3dba38aacf50b8e20c21d8885fbdd
2431,a5f95ceef38a17a7b5d62a2ac406c4c733b1a8bf6623f043a16d8e256c1e3818
2432,ec8474cb05262cad0ef180f0f02aef07c8bda15622ba5d8d3464c22bc8651821
2433,34cf6c535572dcf58f5f4b141f8d76a2e39010ed6cb3e324235500be635d692c
2434,9a65235b2d0a21c4a11df1c44cdb58d62f2ae29e506bc790421d891c4124fe30
2435,510528ac3019f1e63a462620b300855a87876a94de320c873cfbc846fcf6b45f
2436,e0b997d852fdccb1243958ff66ccbbd2127774467aff538dba9b8980be16af24
2437,ce500f5f09ae74a38e8a4a8b56a51ea0e6876a1530b1b12a281cddc4986bb1c4
2438,474cf6f00bd5a426fbdb7ebc092d3fe81c3f3262895f04ff813b419546a7ba06
2439,74bf62300430ac4e66044f9718399d4ba380080e54c1b64c25bd43d16b49c072
2440,981989987d3373e04c66fe9fa208a077d554008b9163dc7d268c8492bdb12348
2441,13973e54c1c85991eb269305a22fc749a7b98ef227407235204dd2e100be3f45
2442,1a82a0c313359562dbba12663b92af8049d79d5da4a6d6aac9dd872d26c43496
2443,c784eabe3b166bfadb7db7ee3dbf4b72f53640e1cea55859415f998f91b362cb
2444,7887754216d983ae2f07a15e68e02251d9d73499d55e33e2642c7c0194e947b0
2445,900470bd61b9cdd980f11fa063efea3d86a5072f5ff8291aeb5b5c51dacc0747
2446,4f914c4cff62cfb8a6ca3431d078018b19eee5d8bdd27e7fa23a82a14fe0d764
2447,f4ffbc5587051e50ef0f0c6be4d5be39ec5ae421a42d7e65be7efbdffc13d235
2448,764691a3bab624e81a31dd27ead597790513d0537b67928a49092ef3a36a1481
2449,725d1f28a70bc7e9c3573cb0810b7824ef3d9ce721b7c6ae4d609d763571d386
2450,8989ae11127292a9b2b3d832cd1d853340835118785a004ad0001bacc7f6c619
2451,15b3a47716c14d60d40d0f8898c906de8e03e616feef6bd7d2b807158c573a2a
2452,8e829eecaaa6a158b0139b81e1be12944f217a12985e1f5463e118dac9d37c97
2453,9149366c5e1d075947cf4866ff7a602f37a20b1f3181dcaa4e47d4cc5b224eb6
2454,4b1a05c1b82c9779ebfa3694935dc3bd9c2fcb4dacdd5468e721d8ba4cd301d2
2455,3d09f0448edd6178c7389a189bbfd77bc333aee36c6bcaace34dc339b3a63549
2456,86f43216077622f57fa6bf51c27f867e7b16a970fbb4d00b89819d39fcc9975f
2457,c80cfe2d7faa849bf0532fc91862d8a863b817ed1106993f5122c5dd831484a9
2458,ecbb5e1acb22ae663bee2225f5fc8bb18fd682a76fd257f9fbcfa1c64071d125
2459,c74f9accc0b1c66b45932cb29defc3b3eeb9541de1eec66c43dff04d61587025
2460,bf9b64cd28a42763f35942109e61c148b6f2609649a39f3c53ec9a4312fd8a08
2461,dbb041622b076076979348b97f99c7088baf438c438bba395698123ef0d02c28
2462,bb129bcc64f6f785cc1ecfd824b3b1c8e1f3322c6e1943fe062b630b843f8bb6
2463,92da3c32be39343db7e9d04f8b9fbdfacbd0442fa5cf4aec78ec092bf5cd9bee
2464,e85ec879841f3ac75252ebcac5134e627c14b3608790c38e80be7f8347052837
2465,5a1dd5cacf5547eecf5a9e51476ad8d52d24630fe38e641d5875c3dd93752ea2
2466,46d78f7ae8b048670abcf67b2fdc9db7eb381cb3d8b0e3dc9e54070509248c2f
2467,3496dab0d17b1d2a8ff1bd6242eb75babf0ae039fbec813ddac66a340c4e0530
2468,645d4ced5c7b4aab1cfa1047ebdc60e0471b240295b1c33bbaad166196589600
2469,5f32c3fdd1d29db8f3a08667fdf648a550ac5ff9630e38a0c4021611bb6c3bc7
2470,23c777bd8fc9643a0232442ba3b003c407f82f8929094ea5a44d3c068692b428
2471,c984132988afdd1e95681f29c9c6a7aefc45e7fa5b377edb4bff986aa7685e4b
2472,dfb946c91720eea8fb5cb6efe27c4203025af69e40b9d4f0975109e7b9021bd4
2473,5789ab05c22d1475464e7cf8cfa82822575f8c47449d770bcb0bb8763a986294
2474,6a3101d279e3bdb5e3c81f31e64ee512c4f12b85d85ac76bec0ee719a6eb6184
2475,c75c5409c7500b8ebe1e4df7938dea34521b926f11b016c427731eb95ab7f0dd
2476,30efb1a3d2feeca1708ceb83a64d5a2a12b950142420ad06e6edf38d8b453684
2477,c800e2a6d19c48b7a208533e2ca6ccfa9f4a6867bf930074269629b77b22bb0c
2478,ffe59a98efdd9f0c5c89713a388f523160f5f9a527bea80ee2dc3fa80db06f55
2479,23a9ec2e36bfcb7b639c861a1d772d581326cfb5de8d04de96f42a0a1a25e212
2480,d2e1067ad7af312334b0b2711eaf82cd6609eaec20b3d9bb371290c7b9659b72
2481,211083ded19ea5bd8b00cbdf4fc39d035169bd453e04b8b904da18e2baa11cb8
2482,d2ed82c577312f6e73caeb46df690e0050453cd5df4b5721b8f65986bbf75f6c
2483,d16e648e94458b5c08c64fe6d78acff06e43c9a3bf5a646b8640342e64120c1d
2484,6db5ef41a5c6a01fd599b049783aa7b30d35fc2376971b95127268a07f349335
2485,f4b5527ab40c6f3799c45935ac6273dae3632fc85d757aa3e92f78118302e831
2486,45d9bb72e8cf7f9bb53c0b18d45ba03a70516274e3e9eb1ee4ac363340160af2
2487,57cf672677e000f6650d964bd593c1920b87083ec63ca5b7793b26aa43a5962e
2488,08cb20b0ffde6a9d3147b057331a89dea97dd4ea19a40245342a07e63b141ad8
2489,d552b60aef9ec9ee155c0a11323af9df80ddb18359e4bc8010115ce91c459a20
2490,9dda9132451a5ffbf7a5036d3506cc350572fa81b7e454d0f22efe4488d9c7f7
2491,24dc77998198f231a20a9dcc86ba5a0c89a3422b01da9fbea0e5e7536ba346bd
2492,ce7c1eab8cab410ca265888bef3a3a4d9612221712e1db4e8b9b7d53fa118ae8
2493,e0b71e18ac9cf4ba5514b2fd9d9d9de96a8e0fe05e3c7f8d73dd8f36c5c2e2dd
2494,07db0b05150e7f4395b72033b7853801dbf6faeed35b6bcfebc984249dda9877
2495,094435066efaa8e7e0c71c977189a30d0cdca3336f2404af6a515dc5a43090f9
2496,be67f21892d75e16f1eaaac284e0f825cc3f1d07040448e3a9716b674bcc51d5
2497,1144cbf2881fd57cd43e9766c45515877a4792aab5b3565da995a8e4c119ad37
2498,af921dff0a722c04665ae1768307dbbba59200ee8e732e15b09d6809a9b3569b
2499,ab0b0cd2737ebf7674d832446964a07b42a82a7794a1555d5a1bcc4ed46b32ee
2500,06b41091847d86a6f8b016f794615cf1af6867d9db3cd884c54f3056c99cab11
2501,0413c925d6a4ea71edfc457ba08d3321a30b6efdc584019433dd7ab0b875ce22
2502,d8122d7253eb9b36e00c63caa952147d08b2df16416e13c6f03e30cd2e933e7e
2503,48339d35d4d7da7b5536e85f8473e8b3504810333bdcdb216337f45efe7767b9
2504,47211227b5d6cb3e8ca7a5778393fc8f4d695352602dc91f70fd9edc6774ae8f
2505,152a5c776c123702c1fc37d1f8400c11f1d6bea54d4066d1ec8a90129f803b9e
2506,a2b3b2c58795c9b09f1c6c9748c7890c5fb462c822a2e31f044b15a9f4a5c141
2507,74218fd22129e552a43aa86fda1eaa0acec6565d2de6c7a0edc1dd60518bc0de
2508,37023574e786f327a502594963bfbd1f8b0591b12ee2640bfeaa0e0ccd4f9037
2509,55af77cfb7ef331916ac03579d85b4b2d24e45daa0b99ab3b080b2ad3fe40cff
2510,17b4e574a89d5543d797ca471d0c806bd478f41eeb08cbea21ac7a3b5f4c4e87
2511,e5552808fa365c656bea21055e1783ca8f7da0cd152404602a567a7134e9f142
2512,f6e4c35078c58abe3bf606c2bac9824f6e2867d07ab067186b649e1e5df8fec6
2513,d560e0513f678e1c6fc89e0f9f143fe2e8bd3c8d37c093c6448a28bae9aee733
2514,dbbd21cf9f0e298b837a123d7e35a8324aa81ca2eae2d95df5d448a063fccef6
2515,dab68b32865973ffe698143f156c0db5b20d6e38d14ba849bbf11599dbcaef60
2516,85bdc8667a390feff4842d3923ca579a6ef265143402163b89f06e3c6578a609
2517,af78dcac30906dde69b4f4557c7113d81fcfeb3642b16595f5ef56e83e7f7e9e
2518,cea9e0535e1a8c00387f891cfd36fa7166c59fcfb6a90e9290dc87dbd33e131e
2519,2a2ea1ff270c79a01161ced342a7b08e2faa08352a62ae7087cf0d5c7a5ae846
2520,7da013d9609c4bb395128db480d7c45f64fb7ccab693dd9602a66493e3783ce1
2521,f131708e3ec6278f8ff86d7368a65a59e844eed7a19b04d1fdee3da8b425c51c
2522,6d6bfcf0d5f45af901424147f4116582ff37231edabb7b85a72e2cf266790828
2523,6214feb88a8cab3ed75d07eeaf141a77fed856daed30c01d15184a7b88d35ea9
2524,a34faa04a57ce9782fbb99814cc735545520f751e2411d94906356d7beb7916e
2525,05e15184129059c0eb2e50066c5b45c0b9abaaa19e260ec8fdc384bca9564f15
2526,6885ae2ab1139245aac1efb087e5b3d8a2b71999ed4a7635b929d4d0d9846fa9
2527,978b9d3090287fc80b8edb12c10fa524b39ef54854b7926b74bbbe5a499e2475
2528,88ad8489727cdedc846e4f0e9556f71bc4d296c5e0f599e1061705f68fa84b2a
2529,55111921cc6fe77b4c7bc99aab04619ba0ad11065955963bbdbee188012a6eed
2530,8308d9248112c498aee41cda7c57c0ec8c359d7ea407f6b386b2309bce5d5fc7
2531,81cda1010064105d38edb639230e759cfd4b5f03db447cc8162b303a3d1bb5ff
2532,577fc632e84495ceb4d7ada6077a2e526167ac3ea4052dd78241d3284f6b943d
2533,277ec8588d170256b5a5f34654fdb8b40f60697ca52ee7509e51602937e9c4c5
2534,fc1503f8044313ded845ed338e7eb80114f8bb1cc91ec473cdbe39a994a90469
2535,b27b9d35069f352a83bb51600b9abeb84ee0880b379ec8cf3b482aebc6cbd234
2536,7c06cc0a1a3bbbef109804a9aa71cad6b99dfdfef3b5010511d9808d02f91569
2537,dfa20aa5e888902ea5fad88647b0f67a0d898f00f28f75d568ec83add92c8cbd
2538,8c882f9608721542ba938e2eb18948a9bf192e0cd17c03e224a688449d108a3a
2539,aaa163bf4285ec45ac00f5fd8f702404784c55702afe5f26d43842b68cff10e5
2540,e24bd5cfeee20e2a6d7c371d499167d454d40c081a80818f1adf09bf15df35ee
2541,7d74c93f89d0c5e275799718bc6344b795f12ad117d5c1dacb35a29a4b74c7f1
2542,880eab0feff26320b2ec0a8b102c0527b0b194a3e6a66769aaa17be4aaf18751
2543,093b3332c23748ab35f2ba66c1ec5776f79297af0d19669058e3b57468b664b0
2544,70e1b49727a8bbe9bd2e5f547083510f3b2449ade9db4e6d9e9072fb33935585
2545,671aac3d43730aec42d049064f2739773c15a0e326a5aa07515802f111d04d6d
2546,6ead556abf5ff83a99f72d3e225ae49b1f0eb658db1f1defee6d50fdd0c446f6
2547,b814ccaf36980b167badfa2f7cd4ad8b39992d1c693aa52a37e88d505070696a
2548,0add6fdf91daebe7fcd1f2dce90b965fa37d44ddfabf3ca489b4e7e18b4c64e3
2549,e93ca25a6281b6310893900205907d89b1bd3fa9be7f1553c780cba1d18ecdd4
2550,79ba363600e42dc644f3eacebb6e5d1a0f299568e5ebc047b2fbd90ab5793e67
2551,151c7613ab70a0f339004da513c78b5b21fbe3e5c1468d20693a22337d9e4f20
2552,a43c022fda098aad766eb65fe749cd98badd99008a071d6db18f982f9a455d2b
2553,d06eac3117cc9e8d34a06af35bfae43de845d54f34142b573b30f43721572cf1
2554,b9d94224a40ff905536e63a45b766fca6e022b3892c83afb6f99fa733e4e78ae
2555,55f0cc70ea093e69b0f39f3f9acd199e093a555a440d5617130060afac745a12
2556,02133c487b20036d81f527f96473c7f535f25c4cfe8287c435fcc5c4459f0478
2557,87a316de07f826675090d5390bef1c7ca1709974a89a771f8872c29694d1236c
2558,559950e2bedd5323c2dcb0647c81c6042117d7f4e8274d022c7881daf5b98e9b
2559,67c4e925000d563c982d1a78e9b34c150469cd59bc709778e4d5302b1c2c6ac8
2560,1cb7c0bf59bf989c7721b5361cfe712feb7bc260e07ccccf5ef4c8e60d6aa801
2561,75b32d8439e7d31597992c017e16d18fdc94f27b89e950f2360c70a93de290f5
2562,d60d65e340f25f9d4d800c4cb9dade3233576d90e6d1dba005c25fa1b9a156e8
2563,2195d583d15ddc51b15396c5e956b3d6a94abd671d716246d1aa0a1f462f88d8
2564,4bd900ad72b7e0f9076f783acc1ee367575de952e0fa83430466e906c385c23f
2565,ce165d9bfdcd7b345c4f1aea99e8609b64b0cee6695977afddc8e3c2e47b94a4
2566,2aec026cc7ee19291f41cfd006f6233629a831b1007a1f6682014f14d839faf0
2567,d76e47384b9021529104262f08a0de1c5b1efcb7b14110d85855d880a12c0495
2568,6d21fd37e2abdcf116e37c3933c2401d4eae2bdd41b03b5ca4638120ac970bd3
2569,2508f2a8806a612816bdd9129e5f1a79ee4a4ed13292b09d97a6f4f4bee87a8b
2570,c1303d15772d027576ccd2ae0380a22d6292469f6b48616fc0e1a4b396bb0a00
2571,d453713b3307bb2646a3ae6a065f27284b68b9e457b42959130d32d21eb6c441
2572,24ca2a0e2aceda154773b916e25eb210e842278883b17b679014d5a93417f192
2573,3015496e7e2fe5e8962b41824b3d9a3486ed41e5c154be2d0ebde22eafcdd04b
2574,2ccd438cee140997bc97ccea15bbd76309018364a1f26cd4e7168c3a2769b78e
2575,7f49b99cd8f01835933f90b79e456f880abb4dab07e69ed9aaf6aff8a8ee0bef
2576,64684a5459ad17b065d2e98ac1e50b5e5d4d61c49533bb25fa49be9abd0b88c2
2577,375eab862465ec9fce5b1a7e9d32abd194a5a9ecdf3875a8121f0cb92c7efa46
2578,8d06b72a9e15ba34334bc276b87689bc512db846ab7b654a32db548e1b0d0a66
2579,d8b7410ed7c14f615a33459638e8014352f3d7999afc0f732664e79441433742
2580,9143117073286365c834cb58de1cc89503202b4cd796a00c4ab7b55160fdddc7
2581,a3e3bfc3c19496450b5ce3d7b445932c5e8ae805536b5680df29b5176241dd12
2582,26e680a82dd1daae1baefbc2ecd687b1e49ca3cf9d6f4c467a3482c5e4803a1e
2583,cfe61d41eeed5c56ef66649fff1a0c0d0bc629b5238eac5d42cafa39e6353bf1
2584,2a8c18ae033c704dd600ac3e40fdf99e5288362cf04da0e10f7326f422aabded
2585,6b7fdc8b2f54c967743a45dd46cd37f8e9a7024eca18b17db5149508d70603ca
2586,38ea9707ab85fd9d08c7f5f8678587feb500d811e0b278e36a95426c2e022228
2587,71e46fd1d5e5ce65df2b5d56725e487d19e3d92c948d2492037fe9ae757fa84d
2588,292bc328a613f7a1777f59e3f93be4a20a83273d627de06334b5e3cc729fb7b3
2589,130e555803c6f3662211654ac56a3d98b9ddf363b9209e9eadc7c15d1f55a95e
2590,cf21df89dc697def6bffaa587f5c63e01be286c884c308137d91fadbb88151c4
2591,d639b96886412937d8c1c5d57ad43577812c41b8bd0d70bb4df3f0af10ebf34f
2592,824395220c0cfad5611ceb31f4623f0ebad6be254a2234491678dd0534ceeb36
2593,36cf8e2c87b01b74d9973b63a5e50b311a72f69ad05d27aeaa4532e6b827197d
2594,561a86d9d88ba232b209fa1c7fe343443c46e338f1f007cd1f2153546bdca888
2595,4635f58377ef5ebdee580a7af9f3a536ad89b5c70f67e1bcf7d62ae8afcb4033
2596,9ee0d3705d51a64fc788db9cdf09b5a2a7e6d261f414fee10f56233f79f70cd0
2597,933372fb7b71f8da214cf27a7587499c0083a6288e08a26732f0e2f1ee8ddc13
2598,17fd0686654e57c7e546dccb51a69cc81b30f66f4d23f287a36e826202b30748
2599,451f38d122b4149d10f0d5a7a173e04a7f3c01ea0f46f8c2b2b97f62bbb84d7d
2600,34a2d4a19e5f21cd1305a99e1e7ae1c6b89a8de42208746c222a6d812f666d5c
2601,92a148b3976eea0a14f062a4a25484f1a7c74b87ee9b1a883289346ddc397254
2602,940be1fb85d3c5e0d73674d248a5472c7e095d5ae701e156f0994e81eb88cb0d
2603,9e35e801af4266faf169d16fcffe343eb20f5456480e6d2a50e0a28ba2299f95
2604,f4053b7353926a8119433745ab9fe619cff0e97ed7552938d8a8976b27b54f91
2605,3ce1554d01d573c19ac6da068d8e808c82166f5f43024a77828b0d0c0fba2db9
2606,b93221ca7229b36d8b52e2f53e8d4b9540f3ef248ae42a71b687e7bee1e1eb03
2607,c0134f98c77f3a23adb0089ba0d2db23d1890cc1f6b4bc0876d1c46eda8829f6
2608,d5605f2fe271b10f1ff06c8a00899f1bbe5c7737dbc71136faa8581b6e85ade6
2609,55aa6bcf240c53533a350be2bcea950bb3308f5cf9f7cbad160db794a35bc726
2610,3889fd146b4a600d1f69f1557faea11d83416c42e560f0a5893a549620a6bde4
2611,a97d77a0b962b2f684b42b9f5b696a3475d84034d59641edf0134103c9736022
2612,f29585e3abcbf34869f1e784d4285b16c87098c245a7e5d17b0bebd836d15098
2613,6cb24e401cc2442ed6b55a80cd061b608d1a67dc6a95fd39c820160bd1358317
2614,06d80570fc2e12932efcb5490635a4801226916ec390f2f54f37e829554f8faa
2615,c95b18ce1d6ec06fad764e80e06ba1c7534672ef161565400c1e0322682c19a7
2616,ac19960ab9434e4e42313bb4a5fec3231c3df19c619963256a05e21df33914f9
2617,ae4432c222b6ad360af9fcfb824029818f5f6456e44b575eb14a1c85897c97e0
2618,4d5bea9cf1e6066990b3cc7f10c3561e6f3aeb0c791593f648ce884c7ed03fc1
2619,4b08104e90c5d21058505d36e79adbcef10a08f40daf4a41039ad4c140d0ce1a
2620,ebc90d581611f15090b8a25e0799f3f9a5d3a67150610e0dc5a3f7e149003e2e
2621,7054e19e084ee5fc83bac9c7a176d7dfaae13d7e9d038984cca7985c665e9f51
2622,9ccfd9177fae2698e40a26ef5348c77c74a5c060190143598b0b5a1ebd3bc5bd
2623,af2c5ed6ae9ca0a082f5677f3b268e924ca037bce2693fc8af646e728ab6a35a
2624,8c3118732b0e369ae185738c8f461c759bb1c07300296e45ec9205dea5949e9c
2625,d3e250c1032fe7377c4b66df3a38e423c4f7262068c088b66ffe9a7a3580da27
2626,bb7d5ec9d10582cb487d0cb3dbdc2c8585494065e5713ca7e2346c539874138e
2627,31952cec700c37e9c40b9dd90618f1699e391f60154e953ad01fead9d274cd42
2628,2898a4a3383fdba7675a2d3ff38e2de436007ff129fe679f5940cdffd65729ce
2629,918541a389e627a6391d887939884c357f97bf41fb3ab3bacf17e65ac310f20d
2630,56acc7ab08fec985d3c7aa42f65a332fd1fa80e51dbccb27c5e3dcf83c144b71
2631,5d8938305a78919aad2beab3e18d9ee354b773385016a23635be90bdb4ea591e
2632,f014edef0796a28c8e471f6e9d550d76af2e52e580524d4aa790f15b52e8e504
2633,e1a123c8c9f0821153138aa0aa90a17226683e5067bd90fa01d671ee9b0a974b
2634,ce7d73fef60c6ae632c126dd8a009926425e637715e014b85d32da335c1feab2
2635,721b98811c30664e6263c9c968c9fc6977603e4649b8e10662a1c7cd5c503dd5
2636,f397d6ba1ba73b378395e31dd154609386d577f510abfb51ea5af33dfae7a2e2
2637,cabf5b7aeb341592e4747417ea3ce88c0bd045d58e610f4621292cc151951e41
2638,029f4ce12b7a6ff8b45af72d5cd14bf1e61e8f053ad2412d2592e41b33660059
2639,1d88a731171aed4f1b37c3c8e99a14d7ee6d253f4b4c7b002458ae262db392df
2640,9c5aae2d2aeee1c17cb04ed2084354b0bf3735255d251cd664bfffa763a42be6
2641,e8248ca03ab817dac7773babb30610e00142509c398a1ec89e4ef4f9f54bf4f8
2642,60e6f773f99e18ebf0e26c31a28d92b25cc91596e0d99f122513bdd190fdfad8
2643,4a0d462186a7d6e84c3f36e3d2d9ebc98d57f351edc6592eb6bdee30717fa9a3
2644,27edf19638dc1fe7a032204ba438043e292447380a481200bd8f7cd25a5f36ac
2645,d10a02ca92bd50c6b6d3d4d4ca192d61b26df87331ff50a0710b198b052613f2
2646,a02437aa3ede4fa55bb4f08484afd558ba8ab3f76f638275f5f2b9b6dd0b3c34
2647,cf1c765d143fedff0f4620cdb12d7647028f655de3d30b686253a2451ad290d7
2648,f41e39d7179587d27646e4e3493879f64d9b45919368fe0d07bb8b16c88130e9
2649,eb03dfd6cddd040011496fa2d3545e08a47491cf8c6b7f5fa2e1a6799be282cc
2650,ea10262c80af6d192d970fd4fa642ecbcd56aa68f4c5b019bb68eb8627bc9a57
2651,c1ee01082f5976defb5a6310ee07a1977203e74cea27238ccc8cc63022da0afc
2652,c59b7e52c10f6bccf7c402cadfd7c582825a14e9a8f8033f5860ff23d1f94469
2653,774ba5248050c996b68b9f8d4f8137bbd318420225bfaf549b11bb064df4e6db
2654,e947913de9dfeaedfe0bfd11692b696867b20a271024dd8617b016c942f0150a
2655,984715e8611ce0309da9bc5c276a52f6d2da848ecd9a2ca90e479e7c307c3413
2656,f2fa069df9498a9efed48445fdd81b7a9009aa45874ac8f9ef0a6201e38ecd91
2657,fd42a0737c1a3da224e3df2f6c75693459538d17831ad633ba6e0bf02514a621
2658,08fc992f4ecda34af2f35c646c6906145fde23a1fd65c5894e26a8beef9df45a
2659,ab04fa8bcf36a888f16701144393231b6810c44124b191f40e43566ad85d0092
2660,450bd23c36be26ef179970ee37fc0f15627b9d303f6123035979370ebe0580e5
2661,aa49d17c926302a00be5f0f8018b4c988ddf64f7ab4d5276bba740399e21aff2
2662,de2b6f6c2348d21fb8aff31b76f46622405535dec43108824beed2fdb2631950
2663,dc32934afa9031d396b11c82202664e717607c5f7793a307a38c7c9a0c67493f
2664,8f96fa6622a5b89121e3c04ea404bc4c57f22233f005b954ee09dba24afa1e93
2665,ac02f5e85ee7d33323e716d6dae15bc0b43cb08d6a11fd39b014b5fc246964fe
2666,c018a31ad1a4b603f18ad3e808e62d971101fcc05e06d64e375463cdf718d24e
2667,d3898b6984755d7ce341a08d0c4b0db72cd7bbbae701c3655861d75799dfbf3e
2668,f153c7c02a282577c7dbbe42c5d1881113690d6974d531b0b69c0ce9fb041ada
2669,60fa27e071240c86c323a460490481c1a83f99624bc630091dd0e6ad64ef026c
2670,ae4ed45bdbdf2ab8bc4d928b6623ea6ff00f14d3f0ea859e351ee74e19e00d97
2671,25b3c6b68ce7465903eceb9cd4df07115fe1689da29da7c75fd46aa352e43d2c
2672,c6e105f9e1e96f07b74bea92828104bf0dd77cd705ec6f011cf06135cb60c746
2673,38954042621e1cd41692ce3afddf2208c1a78aca42d641f024a9ad285da97bbc
2674,4e88bc8b23de42f67c5a16d24aaf9240166468ca04b28ef329119942545d38b0
2675,08e64e126c4e945e0ba18d67024ea6cb8352911663b728d41ad4b90dc28a6403
2676,284f1d2908a8d4f23ee46ed55a50dda54b145fdd851534c836ac61581171ffb2
2677,a99ff5b97b30c883ee63b5db9a70e5e1c2029eafa342996848715427905a8b0f
2678,3f46a050290036b2da02b8bd9efb6c2b65217a9df90b20b12dce1bbafd6cd4d3
2679,60284c101bebe4c68bd227f73576f6cc0093e401c2c051fa7b4e74b2d90eeba5
2680,64d4105d40e8ce4905cf0815436a3f00cd0ffb165406ec573da3f1767a1d4857
2681,ab35993e599a3b4fd500f0304e31cf51cb9209bd7dfad85b2488226863cab7a7
2682,57b004d48b6f3a6f5851c54149d591d1f9e902242cc010b3b9eaf8d7cdc959ba
2683,bbd4b39acf5c20965fe79ccefbc90c586484ef0149d956ebae75c3e376119651
2684,2cc117838b7e27d3062afabea6e621a6f824862c787bd0e1534b91e3751125d0
2685,6498dac1769d94fb69917e2638eb405b93857a056a5a3c415447e94fe6fa77dd
2686,1c6ba64bf472cd5c530b0a1ab6fdae6985e6d3e549019707419e1852a46c58ac
2687,208c3dbfe420b1a6ef0c524c8dba1e1e0b17cbf6bb329fbd54f88cc8dfaf2f87
2688,a6abed9cda22eacea68509a7c52cdf7afede169369e90312da4e619dd0e6a317
2689,d16098cbd656a0b88f927ee9f53dd1635663c62f1a1bf13935cc5105b7184f58
2690,7f5d5f0b380c676423d7b85220dc9401e7872d6df52ec67935c1b3f678a46367
2691,d89b40ce041d9dba67982da0432dead6c1d7fe8bc718386039772486f5984b8c
2692,9c12ed87e4b58bc0485b882cf3124e750ffd6947a4dbb95e38ac259a4be17d2e
2693,900d60b17a7908bb25f6e913bc7a0f2da4065e224907b5394a0230fd1c207331
2694,931dbe0b06101916e37eb6ecdd5be2e2e11ad1f502b4f2f90cb5fe23a544eb75
2695,e1f238655b46667655b3a41441cd3d73e00b7b0dcb44172110908738302af184
2696,9edcd324dd89c5916cef7faab65bebe10fa0b3a3f4899b109bc160783bce4810
2697,11e4c1bc1da533da2ed4bb14d84eeef89e0888f3c8f7997762cf54bf9898e755
2698,cb2ebb301e75564e3855f9d7a522cd6151243879bba678ffaae43e3dcc1fa67a
2699,694955b6d6c389d7291d3d2dc2818179d0549904a96cb741c413824ea093a19e
2700,8cf0832d706f278dc9c77353354eca35efaa244f4c5071713f67b7a563066add
2701,dbb7e51266f6b4988bb8249b0bc17790cd8d5773bf24de2d80e542b98b50a4cb
2702,4136ec368e6f00fc79f100e22d9ae69ce7d1f0940addad3117eea001ce9fe34c
2703,c962a7769c0f8c18fc0ed9e3f685e3a6360464861248194d22f694a1659109ad
2704,6de470548f8ba0eae37351a62298c854c1a9c0280d2644fea8af1c2819865a7d
2705,ac1cedcba3d42fc6b262c84bb2f703b4d2e4edfe8cd5ed725cb1bc469d404297
2706,f412d1ac5d694df58c143cfdc3015c9d26e68b01d89d6c8b2ed66c05a32a319f
2707,0e50932c439f19062630b97aa9208cd942b64ecc513c9f5d91b0b9f7a9f441e0
2708,dfacea4afb0fa402599e7b7d5b8e8fb19c4e9b136d03eaa89310da19f2c7394a
2709,1043698572c2302b1433a25f7aeb8769802b9d3b11e13c508a6da93698b842dc
2710,9de1cd077deaea7d28bebae65d2002caf2751bd0338818ed3c7e6540edc90924
2711,0a558be41bd9ead87723341f8b05936dd5f53687355d5e76565156f058797282
2712,f550cdd8601f5dcac08c479e8b1158f31e7b5bf7b6e5ffeac64c5b1d6038c795
2713,0f1630c69ebc56a388030718f97be1a95b6274e1e0841f7c7d980ae4215a170e
2714,b5115fb927bdea48facfa13d5d8a966393bc52cd651b482d07da46e0752a41c8
2715,c18c3fe4755b8c1107aea1948fc20a477bf7724e34da03e488cf2773056b04b8
2716,4b73d6e3917fc574f0bbb22aa98813d140bcc5b0eac1bfb1e38c3d7f2256f5b2
2717,3bc66051187882a5499e172dc225c3f08512216ba0cee7d4bf34a28db92913f8
2718,70b01b2894fc56b9608d51c3ffacec5a617554a291389efe92ba42195a701427
2719,da34ad2e36f027f7e3b92d424f5f67ae0a81afc22711e07d50242dd720465dbf
2720,fda46766d133cccc75973952be53ee5d02639ce8ee23d1934b81af8990a74b1e
2721,d3d7444817e55a6bb3357e60cce69905237bed4bfa2932dc8e99aa3cab5a48fb
2722,ef7f059a004d37d066f6766b93516dc25c5226a1549115472433309735d21993
2723,f6ed00046c549d9b8b31abbd9cb49f2f36737a7a63d0bf2a789d055114c866b7
2724,41838c6bbd0a529fdb26c0374260af28f34b8616f153fae3d56071eceb0db194
2725,9044034fdde316a7e6271de5f56f41325232ca262d891314db62a46f000015fe
2726,fcbad0a9c23879b2f7c4c48a2d5c693d21c951e02e930f8867bde2198866c6b6
2727,6927fd7ba7ee184a1f10eefc7c79c591d6ed9c3f12bf86df11b21d7cfe523ad5
2728,a82f55f242213252cb2108711e0a68671bfcd4a2c5213b58bdfc39573976b4b8
2729,f07cc22c151059e36a4f9a210c55989401f08f505a369a433f25403ce843a9c6
2730,92bcc8c0d9dc039373f82fde57ed3e319b8f9ebf062adf75bdd8e977e168e7b8
2731,83c20b4ea6f3068d8d28b92f65d10f1b9ffb7eae1a6e61cf591f5c12a1ddff4b
2732,fc4bacbbff7a8c952f5e5b25c5366a2f3f77a78e5d47524efdd17170d0f3bd98
2733,8c29b4490856ba3c13f2cc15fa3c5d848012e7c9601b1327a6f698e8590d8ea2
2734,b6612e286b1df1e4883cdc8547e04705ca383eec182f72501ccdcb7045d9f3b8
2735,bbf8e9e29ddbc190140b416ffc4b01bba93a11824475ad531a5b71631d0540f6
2736,0f8e9967f53a6812ba1343e641fdb54c504c42a4eb799095a5fdfd6808b0f8d6
2737,faefdb558c2010bbb3cb81365c172581308cb742403f301005dc983fef8cf9d7
2738,0db20b15dcfea51d5b62a9948c8d5782a8a12d48b9dceb6af220692fe45b725e
2739,897350c00306de519cfc716f8c3aeebd48ab8c64617b440c9bed00fff1c67dd3
2740,4dadff2d2ccc053f9b81140d8c90e6bb4627f47e3eef8e842bb9428ca810abb9
2741,48d581ea042e4dcc6f1d657d407c2d89d6498b6778d1b16d893d3cede5e427b3
2742,ef46d36aafb27b597eac0478523405a26774b4201277704d825860ac339290a3
2743,cb5dd74786e42e1e5655ddb877ee54d31d825ea3f2409ba35c04d3f02d98b895
2744,fa88cc586df4aaa2d461e3e26219b8f737ff74dde4844317264016e9cbd1445f
2745,121c6b15d193dbee6efaa6851902a69dad3d9c43590bd3f6b0b5b3afecabf7ca
2746,8c9b6c72f84b2be503b3f82364a8814bd2d752a3cacf2f0d34abf9e660763b67
2747,13af67df2e6ffb0c089a442cd7c2663c32c0fc2c3e03ad7de5a64e69ff3cc686
2748,8d86b511e2dad9a8a7c1e929bb3358a24ae2d92e2aa1cd40b12869d86ad1ebb6
2749,dbae6c18b7629a480ae2d27b69f84e41a390bd1cbbe1c7a288320f0a3d7c4777
2750,e3fac3ac5e64b3e4d34b20239eb70325040bd6970e2e91d001e5e7cbd35fbe73
2751,8240d55a49c4bae79e2a0a42db0a353d4acfcba021993a1209e5c3b286d45e2c
2752,520660fdf08ddf0ce9340bfc8052289fbb46e97ec91367d5b4ab160a37c2622d
2753,9b8d6110a227479a62001881103773410967fa14557948043c20df5d3ac9e74b
2754,3fd4d0ac99e0f6a3dd90481f0a4bee1fdcac6f9bb83f0b25e62204c79e3d88ee
2755,000a4d5a395633f65365ce7037e34b67f895f12610509ef40906c78a1f39959b
2756,ce0716327c4b3632feb91718b4bc8d46e8638a91cfc002b33a3ba001c8d4cc2e
2757,18cb1769ade8d984f5afe180c7afaeac1bad66d6900e8e6e277e3d63a263dd85
2758,616fb960e7b3d51b67cf4149932ef3b705fc6b9dc289177743bbb911834d1928
2759,02ffa19458765d384e623b8167e1fa8c540aea5a7b3db6d6b5a57351ebdc2e58
2760,3485b219231c02977b096f12c586453d0e535e2e2931c57ad7ca894a35305041
2761,903095cddb47b92fdf7d02813d7692150d9d9312c2147d51d828bf377099d5ef
2762,552e941e35d52131017e9c110d1026e6325a8466b6aeeca461f68d3382293223
2763,207161eb5d1f0a76fdc0ac48af0af9982e3bfa333a9178b69279b06ec28ad234
2764,f78755bdaa6a437b83499ba9be8e3e1abd4174b41de6da6ee70a766a118c39df
2765,6e89865e8699c0ae486167e5ee9d71fddb4b17bb14ebd854f4e5ee94541b3828
2766,b9a1de79541accde5f76a592d1e8f901bcf4582f44c5038b2ce417fc250ccded
2767,b807386e4b5c0418dd1959f0ba21a7e88ee7f722a50827e915bfd735fb822599
2768,17d74595c521437693ca12ceb235e4401a90ef880a12f333af7bae47dc370a84
2769,632e4944d81acdc1ed52df4c8f3c78c69e693a5c00d571c3efec7134b7152f48
2770,26b741e8fe4edc8e4fa54a9189a66ac0d1b0ee1fb340591e64d5d66891c20f58
2771,bf74fe23f5369bb58a1516e697f010f49be334f78ba0a1b5e18261d593253e04
2772,1159a64921dbcdd5633178dc0061e87135750e8309dfd34a08b80e444eb88037
2773,615824a415d918682b87c7fd0aeed25084fbde275242d62787b03aeb439f1e7d
2774,06fde84bf7ea0fc7c9aaf32e5f943807e10ffb1cf03e35d5b528db0c2eaadf93
2775,68fad7c3f19b74b89c0e60967d053522f959ac1bf31dcd623233ffb8ebab4842
2776,0781ea91e3151b63991a6f7614831b3b27ec7799718c74c51eb0517255dc061e
2777,9a48fc3ff4de2eddf57ece6711a9661bbc92d57a217285ef559c85ab417a7591
2778,05e4c194e46a8c173f1e6f8661ebe978789460727f8ba865d6f048482a22f20e
2779,f0c60c0334ef4dc78484e51eb46954ec34487e8b913ddfa0b3d69527b01c4b29
2780,0c07b78dfbf844586e0f27f9aa53fb71a0b7a4e020ac1ecd88f5f151304e6e20
2781,8d2525995b0352e25ea054f6cac80be98096e11341672cefedc6bea2eb598c9f
2782,f9e1650ef2dfbdaa369043f1c938cccfaf68f49c360824dd967c36cbfd07c2eb
2783,17b63416bad8a594be0cab08692cb066a26d0f7c5f5a6e3dd563fb398781cbe7
2784,6388ab32e081c66929f2592ce99f0544a526b361cc9ad809ac398956ec555c3b
2785,51958a9dc5b41506e2eb3394611515fc6539ed7eb33cbffd799a6ae24ba31dcf
2786,aeecd8068741f1bfc52e696f34c303739adc938c77ad0169e85121a78a86466d
2787,6bc15a4292a891c91cdf4250d6bef74afbfe0136ed889ea6d594661a4d4f4b75
2788,9f5aa295ec546c95a02654792616bcbfee8b5f90afddb65b7c0c2507ec5bf3cc
2789,eec8b45858f0703498274a0b8238a8699e5b265379911ead1d32fbd488ad1b55
2790,eb9882299a48c0433349dd9bdc7a55a13e12fb7d2bfbf7c72582bea73ecf95da
2791,f597775710535872da474f2966df2cf2655ea1c7ee46baa330483990481fbe3f
2792,664562e77c14f4152050fd381affe4af879021a38246d9b9774534c03823aa7c
2793,1a48b959d3f4b544bf85a97d0389aa0550cbdd8c171e34f45a7ccc7e3ab50763
2794,16f54cbdd5650ea494e835dd2b316adcd8ef8226d26401182163b3e84cbe6194
2795,a0c7dcadb16515463bb1abe52d381e9d0a7019a13ebb6ae17ccfe875d3f1c6a2
2796,c46c8fbef94760fbd0c0c1433164ab36260820822e7a34f94d8d046eba41b7bd
2797,c7dad915a58bd0332c5da4df4454c629e2ce666b793d39e99e73f6da44916d71
2798,5e7f609cc079f62f86463ff7fada7f213cbdb134489c94b8f9803b3b19207a4b
2799,090b3bd50c62c6f74e8b2a286674e2382038a820857e9caca49f845b60f2fd0c
2800,e465bad81f86fe1935e629c389d33512a69afaeb03ff454b3f84b09afa3a5ee9
2801,dd55fe06747123d42dbf7a4e33acc9aea4c0b0fa71920c33758ec374ece91709
2802,6ab700b56535e88ccce15474be2c9c7a182170b738aa04b595d827b43ee979eb
2803,e682bde82f0f88dc9f1bb8b5c8b3b87c2bb8bf972992f0a59ab8a491db437e14
2804,dff33cbdbe3124cc19ce73ea041fb666cf867681f08779b540034e253975cf01
2805,83b06f2da0d799dfd7908f363c98d6b638cfafc63f5fe0390c76ab04ed6896cd
2806,8f4a3d09cfc466f77adddf1911d27436323a15ddff5db7e760a5c95e1ee192e8
2807,7e9af5203290a3232f06d15666b6fc300d57c3b3776375ddc47ab3a2903d55fb
2808,63bff83de4f18dfecbc9d8c93960500ee28a2f78156f4cdfc2c70c118a5c8320
2809,7a6099a4c294a414c70b13f8ab8be9cdd6dd42d43482f09d6173c135e1896c02
2810,a28b0642724c9e26800995bb77bd9fc240e56546f7a1d77cee0eda5154ba7411
2811,1850776bc841eb43d89778d8e83ac519702ff2068bd5ef6a80e9e0e2ef8f4e30
2812,fe03d8657725f4aa5ad97efd3125c505585056b3b41645c99290934d5ba89714
2813,630da1f66882d2a6d1973cfd0d93ba0f98ca59de084dbafd544e154df7978fe6
2814,9432fe8a25b2a1de3b313bba3b21d0c10fe61fe0081781ea0fbf27bf295f70c5
2815,603423392f5c21f5010526305ed5cb47c148a99760df49205e68271b5cad2846
2816,ecfcf6f0ae26c51dc89c741e2b6f34e4414f725d6f26c88dbb9f9ff23f507c19
2817,fb1656a4c1c8cb6c9f5e311269a70b5d35ac47ec674809d52c2dd0f88c2f1af5
2818,5fa1ddb42b836142df355165fb79616f41a1bc9b748dbc34c450be58fea6d0f7
2819,4fdfd43fc6d9d253a15a21a5a6597be33d2ac0758712274856e2d6b67d966366
2820,6398a475c77025111133f05228c7c6799dbe312ffde4a1778ed7bd4c0cf1e64b
2821,25a5df2b18d1ece1ecef413be9a45b39688040d0e4123b84944a54c687e99434
2822,7719720857edb6a02a8d80c4c1fab6d5085b9eba4120cf70b56833b2f18fe629
2823,9cc70850d5efa1288ed99c04363147ec1492945478c761e82b8932cb8ebca8a0
2824,2361b8fb8e99e56c5b2fd5626dad49797729e64e701648b3cc90e3890b0ab825
2825,295ec4baa8e2a765acc4ab8332f9b690407f84ec848d9f57cb30ba7325ce78cd
2826,af47ee765627eb6718400e8406d75a5f7466782e909ad5f9cd59ae94f7d3e695
2827,f89d695aa51214e9085d97a4b00c3297c0c6a08a3d348c322402f6fb73cd635f
2828,0be97684b39651de95e2ee8b4f2280c4da2aab9c10684256467141078f04b6dd
2829,e1e86017794fb2711fdabdda72239bcccc4da6a9b2a67ff71fd13d1834933399
2830,fa7419021663a7689a777db23110cf1644a3a6e9ca41190d79cdb05540520fdd
2831,7602da04e77ca68e01ee50e7720074e56437c3d356cabf4a6b73ee0347707169
2832,09802ed91439ed293550726eefed7e339649d5039939a7890bcabff8d05a1bb9
2833,53d211958391d14d4211ae587411060ec031beb89318fa7af2043c8efe130268
2834,496dfbe17115102ee47b16b6546f3e1eda6f460ae38bebe7b17209d0df7540c6
2835,f5bbb817cfe7fa78891dacb7cae6d7971e5f3ad563f60d557aff66a06d4a3f7d
2836,a223bd51a2d54f261b6507d838988c5738fbfb62dd1eeceaac830f3292774589
2837,3b143df8e7b40cc9b8f4073635ea50172b60dbbe146fa0c479ba96a4ba8b188e
2838,a07f65fa36896dc65a36e3fb5a54a12e9427be30edfbde55c53a593fa98b6a4d
2839,ee45a6b7053088679ae912592ab613e355271d3f209f329e5fbd55bf5c3de009
2840,02064f6b006249c4f15990f48715fb57b8424da7689a9016ae383f9c2f54f27b
2841,490c6641ea123079274ab623a26458894b92ba4debd2bb9d1d488ada8f599479
2842,07509a366dfe5b4cc644c42ad7c40641b6f0ef1d219a6ac9469bdfb813d17b10
2843,ec8622f6488e3005631c8019368f5252027b173b14040e157068023f2fe98db2
2844,a1b159edd19cc052d2be2f26c5c8e01d7cc1cf9ace6289803b4ee24c886c20fb
2845,ff49a683316a1143524b6a72dca3ca6d7ebe39500715ba65e8ead47ffec9ad9f
2846,542bbee49972195a41bfbcdac61660534058be77a1bb7b5627cc4fa6c1dc7b12
2847,850bf195de2920b95340f9e9bcb2854c199dc2731eaf7428d4dbe3cec01149ba
2848,dbd08cb827f9b5e4a47a79f6327b2440eadb4456b8c1b1346b539338ae08c730
2849,babfedcddfa08ba4268e58551d59b5af75da7b1fa4d9fc9cc5b6e1474e718adb
2850,34a87d757b9c62595574bfda458cade4f7f0ba8b60f5b33596b7555de01ff9c2
2851,a161fbbf36a7533714bfbc61ee2176865c0ff5b55527f01bc6d2b77acf637a1a
2852,8ea470f4d81defb0323d0de734fde54c55aead07acee58e8b8e08c9dac3e8e3d
2853,68ed16569f9dd5bb26bd72f46ecf70aaf1d09b1b41c80d47d6f61f693942fdeb
2854,11eb220e8b2a032d76a7d711aba7105d84988c8f57519b780d575b96473277e3
2855,e0a1c9fdc63b72e8615d5d44f05abc082906aaff8163ad46361ea17efd1e36f8
2856,99c1b6b73e8802ee49eb5f287b43e6c9176802f22d8c375e148f51b186f440af
2857,bd3de4bb2bb924b5dccf977cbbd83e1c3ae3c0dc32b6f4f7e6a9a0c8414d9645
2858,039504784e4cb464268e3c096649a4ef202e10a4244f1da9ea115c018f8850ca
2859,d550d684df99c252042c3b21cf5c71d8abd7ff0931532200c67cb98573122eea
2860,1955e12a12de3c7c98284ec5421371e5de116dc601ee7a53ccbaf8b90eb23fd0
2861,6f227e29c1bd57050893cce687d85d60bb8fdca218a6b37ad14f99547d28b964
2862,56b026aab38dd7c6f13cb80e277dea3e97adadfb3fa39cef76bc36022c6c1c3c
2863,47d3bf0202d2a2cda200a431c3856c688acf36ef0c52ef3bafed8bb464e5a0d4
2864,bcbe12591ca10d37af974b6282cfa877b4c63a7f1529f204f1e8c3bd702c52c0
2865,2cff1373fac82dea058e792a9b2fdae34fa321112ac87c2e33a2d085b15f143d
2866,68dec8761977d33e2e29103cd357dd759d60427607608b8e4d728f77d78ee920
2867,1fda980c31c994f5f08e65d03a28683b8963b063234b2c7058f22d87335eba76
2868,fdc1481cb1153a29d0f8eea80f25ce1006d4a46b0e210c7f2ccea29a422d71c9
2869,bf357f2ff09a6335cd39afcb053c39e4b50bb141450c9e11e48f2726a70a87a8
2870,7988f530d7e3280d0f9726d3ee06aa2235cc6a23da86969d946c12e832cd0fd4
2871,24684b77341f87ebba79648a7a3050d69edfb39b2aea24306cd2b809eb893bad
2872,5c156d0ed5b3314aadd4a6e9e61f2c2d7db7f981a6acc5fc1b3f7830ef005f76
2873,2b23805fa697cdfb812f777d87b5e377c82754dee13ccd77785da87afef59191
2874,d566fc8f409d4fb52864e13713b16d2383ffe4660093493cdd66012189abf499
2875,fe433d18006a1aef8bddec0ed4f044d9c67e3d4fd0f4d8c917b5999281acf7cf
2876,4abd36c3893d1661c0a282e90c4de2927297d1352e43d392b33f57ca9e53c19d
2877,cbf66b87cd503f8da2d6ea5c79f3979583825a0651d31e1797c7a21fe2e56d1d
2878,52f3b396fa3d8c06b6308a1970d3e6b7527db9d84e4cf53cbe3f1ee71168244b
2879,dd5713c879daad697f52d3287fcba1829fa421c5fc17997d85c59b0d1349b626
2880,32d777769f8f82a1c7df1b5514e7ac2d52b04242604442963685f52c8a981332
2881,8b7b2da89cc570b4a3651c0c2495bf5d4c25de43a2677c34b657d53727dc7b2d
2882,48491f5a160e9b5063298ff23314e5e8a790977a859d1c350da7844501e3b15e
2883,ac559553b3d26b874fa73c8571fa84169428389517e47845b7581c33646b4cf0
2884,0d4f4d8d0636f647d00e9c8a2d8215281e6c1d505e7e5e7c0486fc42368d5a0d
2885,2033aab57d6e50fc4a9bdb083b00d5506d0bf93f02bf4c89dddafaac62511513
2886,7d9823d51106920166427cba9dd53a2ade8c58297fe8310ed5360cc411ab47ce
2887,76d6a54123a2b039064ac9ddbb878cc7b1da57e974d4d907906d86bfd312ba12
2888,315afb9e9387ed16ac12457577459d20dbec003b54bb64d9cc8d88b798ebc46b
2889,e6000dd7bcb98eed89691d8de1b637294b281ec8ae813bfe4fa07faedd1905fe
2890,d1749b202db36a188d62b02bd8a6d2e408b1a2028834217dc2953cb2d7dc3c52
2891,d67deac0d8213981f973d50d045924829edeacfaa5486f7e2a217e61f4799cf2
2892,c5cb9feda12df8965d99f5f2a28b01574b7feaa69b9d3b87fba4747499f66eb9
2893,59af831bbc5c05b25d8105fe73f5deb17afc02d10efd2d7abe327eb7b42c0456
2894,a36a8c036c832674134b31c9c8e90fa03c9701580d8a08d4acbc6d32d0c03dd6
2895,f0c3e5b9405fe98e79beac39d70b1c09145ba2902882623641089aaf171e2744
2896,0fca3fa39b7cd2b59e0882c6ff5b29853069cd09c6baba973a64272920719455
2897,613601d55b3dda28f3f360bcd5f3d73ce7b8b6732e8e9c4378f0d7451c6c7b94
2898,568b31c97c13fa3a1296c879ec0c4ae56858897dc609f63314f3cacbdf3e0ed5
2899,da2d470ad178c04bb20d7ab87c56bb1508b9de593748dce1696bfa721351b2ee
2900,97359e4d853f3c4efbd4265e891b83dc69214ffc8105e8ed1735f7f8f4220599
2901,6bc41cc46cd39e743aadedc5e611048786b1efd014c025bdf40aa96274e9df64
2902,51a802a7d5c00a387e0dcaad49256da8355166cf8a7ca22641bdd3bb5a27db4c
2903,b77f49b93cd87a366b419ec0b9efaa27ae1a84b3d12a574228897b8bd2c52bcc
2904,3407dac733474cbee27d760336b954342b6c69f7f803d89fb22eeaddbace420a
2905,7a1307441bd1866d885b870c21457346cd886c37da6962ea0eaa7951332ca075
2906,fcfd20f3725769dcbe4a785ae6380421d6db3dd724496922249df13659cd9576
2907,baaad55eaabccd5a5418ba2efef2bbf38b391bb0cf92d8cc1a6025217d537ae4
2908,07f23bbba817aba2e8108cdbb7ef3d141501ee779e8324c36c87e876e1ba8b3a
2909,eb048bc180eb8c6a546e28fe3c5fc311b8ef0c5e64766390499f789cc4690d49
2910,b6ac203149067c9acf69b4dd44b36ff2d8c0345e714934c38da95b6e09a8c3ca
2911,fd3741051dce83f4117726c859f7e23bf683bd28973101f70450e76259aabe4d
2912,e862b73325242082829b43579c1274d321520aebc5c7aa3742a16b6f51ddc1d1
2913,0bf01ab9a0de7a5815079f282097e6c1647d7d2f27669c6413662aeb2ea71c87
2914,94c3f34108bc5ca08b02419d6c3318b6603fb99908e8c8901ac7fc62e9155ca8
2915,879e7e6e68f3ddf0514d76674c4f941dbf26055ad36d4b263e2dfcf164a5d2a3
2916,c4b9d6daeeef9e0251d6013d2fc669dc5802bdff61ecddea093957b631b0b26f
2917,b0755ef78a91db0c8409d929ce9cb4927ab3e4aba08c265a0a1dd1cdf1257614
2918,1911387e7ab21de62f51a11c0261a3696f5a672d3ea2f90791ee11ef4194f310
2919,47ce4e040c2ca0b58405a48fa617a665f1be3b9bba168073b2799704edbb35b3
2920,6ca101e5708817eeebef9e5d4a3479333c2a09842fc7706fe14cff1b7d079ba1
2921,ffa19192d77e09968a1755ce0d14abac60871bd1119a9c0196f5e83b62be6458
2922,a85f72587395ace844e56eee65dde22fb3de613c92f4870e3e7f7f4ecfd4f402
2923,88efdca9e7c2680dd6fe728517bca5231a383e81930f98eb03d0266de50555c2
2924,3ec03f597d86f290f04c5c8c012beaaac4635cd16a44bbf4accb5b1587fb56bd
2925,5d7c7769c7ce1a7eee419f72e048fa116b30c3d9bdac41f29ce5fcc43193525a
2926,5933ce0a40d7cbf8ecf072516188485b37474d09d0b9920141853e6fdbc343a2
2927,5796d1bfb610747333360cc29fc09d72c540e8d08609f41d9b89833acdeefff3
2928,a8a155b008f4512e1a36e13c1d0b691d8dee9e4186a6435025ead410f510007c
2929,d127e232032d25df857f003e34ffea389925bae5ad824e3658b9c7fe0340f020
2930,9fb55810e9227238fac1ed7fa4f6e2653437a917026be113ba5acce7b7f93387
2931,a08c67f1662ff1014b39bba0a31581cc970b44b1c1125cb54396b699adfeac13
2932,e1ef3a8c42331b324b4e932cfbab960c7d64cd61ae4bd308245f2926b32f658f
2933,3c09d9705dbe9625c8fb95ad7c98dd077058490952b0b80e7f35f7b5b02a46b0
2934,32103eadc81ff2b78af49d4ed684403b34d1194dcec4fdacf4214012e2e0674f
2935,bbc14b5f86cb5639efe854a6f8ad730fec15ad1cd885f575db06d8e08977b6e4
2936,8fce2cc5c51193f6985cf8026622b006d6c08a40a52e503b405fc9da090ab052
2937,1f50eb36b4a755b40d71a307040a470fb228320d64e974977bcc8d266e4bdd96
2938,42b2df83996478c1de37c546531eb5fca69693da1548ef534c17df6890ea9950
2939,eabe977d5cdb885829f80a96b9246759d9b658383643633203ca6ead2db0a039
2940,fe572f92c6637882a1ebb3058b500bd6e6692556d84429b0c4f281d708186b08
2941,47de1fc5c6d101f0be37dbe55168bd44fd85cbb4bdeb56a42de2290e7ac02e63
2942,16786bb74c444fe713541de4aa0e61ae80a613fc38824ca445557c04fc03dffe
2943,a3d0e8c0a110424b8b78f2059a715adec054af94e1c51e67eb932fad3514eb7f
2944,81f66f6139ed1eac19ea1c11ceba239fbc2a136ed5782ff12af84e8565e341d6
2945,011e233ea51e0692e4ff002eaa41aef9460d94375bd5c94564b343c22d48ca5e
2946,4c71a9961f3a39db8db6ddd919caaa814ef64c669f027856a24a380e2ae39f78
2947,5336bf8bc79c470d9b1c249a33d394c4b6093dc5fcbcb08431172bf6bb2a5db8
2948,7cc0eda0ed241db47b8ae8d9c7572d2d1175412de6d64fe22d699b84cb3a0136
2949,6cf542953b36f8cc9894bd936b7ff29cfca1f08007a3f16e08b93f5aed412acf
2950,d1ef570412fb20c32139f454f276877343d436275b1a8ed6cab3ec941c85a025
2951,f1e15356c14c2886d0596bd8c6c4e4a3c1d2dda1147646f8c4bffe9ccd054356
2952,2370e95b8e854d87b70b799a3a705eecee661b0a65047190118fba6b8f181114
2953,7c3ebbcfc2fb04eae9029394fd5cac211aa5a0b763c5a72de6023720f4975f09
2954,4d2909cbbe40342ff18c04ac224fa91a094b2f660998338cf9d30fdb001e0d26
2955,fcee8589af2930b30f9365ab6e87532c6b34306db7dd76991c95a786691deeb5
2956,e2d6e46d3c860104fb586ca92b65e7df6c2a9f2a53fb723a22133e79c0004227
2957,e4eb913bbd40c1060b62f7c02aa49aca07f8009f535b35e9ce0be8c3b7f48b1e
2958,e67cf1c1e626b2d9b437f093af6aac6d30f9e97c611207b590de459abce2377f
2959,a6c0e0a19b59404be4c6bd8c68d30f4b41aa120499a00f939f6732b86b4afadf
2960,e30ca25dd7b195baad4867d84af1b91a043a5780ac1bd8e9d59edd555bcc144e
2961,1f15fec28f697a35cea7792f58c7ce0b01489d86c2ebdf3588af0b993eebc361
2962,ac44a8bdc08b5400d0e2e91085dcc130f1c4525e7546b2ccbc36c1e759b11987
2963,079b18796f60b34be76d9ce0ab3e0999fe392bb4b2999ce14ce62430d43993f9
2964,476e5e6ff2397ed6381cc2fcf9860718cedbb2103550e7b3287c803f56e58f1f
2965,7f0322b7f4dc5ab557006cbd87d6893bd0bd3306bb7921cca7f95980744e7a87
2966,712e56b0ed47647252e66d596b79f7ce58666bda224713dcf2509851ca4a964e
2967,34837e3323832c7b8799d1f03577ad0d1f32519c51907da5a0035ba487fb79dd
2968,1b15ddb2b9adb4b87b27fa389051506558ae238aef07854fd237845368aea6c1
2969,3c704be49cfdad75b30d3f23a798b840d28248572c33bc5b1121f0fa3d0211bf
2970,3696c62bbf3ee62be22287a814e36dd4bdc14258afb0c0f6baa2f8adc7e63b09
2971,9788fdf6130775e46b8820808a473fc804f7b47e3d56853bb99f0b5c48c99ca3
2972,c2a883d9ad6d1495679c2b21efdaf62f642f8a44d1eaef182af3e56ac674af1a
2973,279c229c0d8336058c06a19378589a2f3b3ceaf183ce11ce874c3da7e79bf8ec
2974,0c48ef6056f9d4d47a898e81615f8c59fc20c3b3ea16842737f7da35d98824f4
2975,bde17fdce5c7994e92011b346874a31112f493e87f6dd4173c4aa73a22e897dc
2976,359e23985a746f7dc91966b9495c24d2f034b5d8e6c8569661254bf6d3bda873
2977,36a670172d80a4fbad3835089cc66e7baa2e8edab29502e0bee0b247d1a302e2
2978,b49d49c76346c69f079f3140e528cf9481f5af62b60d3acbdc59a7c408a55310
2979,ab8588c342cb18696846476f3a5bd20a28a56e7acdfab75f1c3c9cc1d6c63beb
2980,999223b3dc6ab284fe4df43950cbc73b5dd094eee40937b73516d5fae17358f7
2981,58c491b16057530efce2303c38bd6f5143f835a9e76aac1caf5be396f6464012
2982,bcecc8cff30245fb157c6fca3335c23b408d31cf1a9c59650c6e3b3c752c62cb
2983,b55d9866089318237a23d57b4102a3bee23cc1ac3a52040d1204797cca18c80c
2984,f4d88b7cd4a40dde44de754ebc806973f4330c0e921a1f7a7318ad860987cb98
2985,8f498aadf409fae492a3adf924499f644c83a6ec96eeecc88ce9004f09950faa
2986,defe47cd83b75d6d25e52611cc336118df31bcea04b3d8e4549e8c6eaaa25b60
2987,aa465a07f2884d98cbadf41c94f91ab04c44cb7537ca5d3d495225c205663e5c
2988,f98dea93de5f1cbdb1e814e93ce2165ea8e647b2e995d15c90304c95c7140f41
2989,4842839012eb7d490e5848c452954ab8a435ccb96b0abc8745f1da4bdf2ef87f
2990,56835159a69d2fc135bce2ede5ff2fefb0cdc3586c51681175963741851e43e4
2991,c7e95f7dc856ac8161e2846c018e7ebbe6399b480afaad9d5953b32c48128e2d
2992,b64c7b9fdf93e20b3a2e9316841a0886b11b6c2cb7540abe630bdea76016506d
2993,1d6c8865f32d6717b44e9d0e9121a3594f9e4e106507c035d4524393eb16eb68
2994,e613062673e25c8e7d81529d935a12e41a8b5fa90739431b58730c63e93377c9
2995,00f2db4389f8542661ab873643d8613b6661914ac8bef29b43da86dd197ccef9
2996,824aaadd794a160f811699d60c26ba0b1f3b2b4b76673237fe8fa449c5314dd0
2997,9b1966bec3f11d3febd23508a58d29fa7b5fdaeef7038b9974cdf702fc262f25
2998,cc2ab36f00a093f33b243a09b9f448cc2ef62a368729265f49dd7d78aee07469
2999,71c9c7163816e139c845a1c3f85b96058c0869c6877e8c2aee542f2e2758a996
3000,e8ee5252ac447277c90a156259fc1c0a5b991b82ec2881d2d8dea0e21da619ba
3001,5d70a0311ad22c0908b56e17459d1e16b9eccba910e9ae9203de675bc7f9213c
3002,d1c9025424255f43d459f28290c157fe76f48d5d07c6cf2359464cf11ad159e0
3003,c5d005dc731453a1f5e07ff0a0c1ffc27ff52d432bce80972c4f738a20fa3ba0
3004,5ed3a991aa8bcd083a887ec3537dee6c45cf4ed1eceef9e4b34a4fe3e446fe57
3005,3d7f75d72a13b92cc12de8c533d177cef319c08460834de21527802945d2f6cc
3006,4ba5b6a1e0a11e3caffc8c06abb15c3b7afd2ad7d93fcb7ac5af26b6771879c0
3007,89f5c05f855614b7f037eb3d86f10201a1637d5785b4a3f88085c1dc578d6dfa
3008,d93f51d3b0e3e6f3dfc26bca4209983e2eea3ae7b3e9755db8a0b8136afd861e
3009,091d8aa54818ad9544943ab63a01ce77c4ef2290ac385adf883e6d9865a02421
3010,79dca66021e16b68debea2b6c7f83e1b62ef8990746a809e31368cbaa7ce8026
3011,1681b8606d88af863266af9a7f521513f0b817c2940b758287e5b7353baee002
3012,20e8d10b98d4c2e2086a9427cee2a3e947d1c6b04c98d5da2b09e5b4ccb398a5
3013,1bcab2cd31f4d1deee44f5c3f459a6402bae6680cf0d33c6ef1f362f136cf38c
3014,64bd89bfd6c75937dfe5456a08c3397de197c20399c1a7ee1001410b3d5e3307
3015,0d5372240c89af21ab715900b285d0e86b8eb1ffd3f975d84b1d3ff8f9f5c5cf
3016,44807114788ca4e5e6985311d315bc682c61b0a522135b3f7eec6aaa884ece56
3017,79ee866775c7852b183b3b4721bf3395c00d920f4eaf9db0a22cdf7df9b11e49
3018,1c9e2771684dc6f86fd7bf8f6fbc9502852090ef2e2117743cb6d3670fc56b98
3019,1f61db73c3ee2ed3ef27d508c4d028411bba4796ac53a40dbb82439129d4abf3
3020,7907af4222d2404b7b03fbe12e2bcf7ded9fba83b12937f5b5054cbb2bae410d
3021,5af19574794560f9cce18d56cd5fcccb864a180edddc70586efbb695a51e939a
3022,34f38b217e860f87d4fd83edc013e75c01be571ea1dc1a19c3b44bdf5579f114
3023,f42ddb9a047463fa80674c597bfbcf5dfcf1f67c18d292b43be981532c5e9286
3024,16d343389419acc806957c658c37dd6a5bacd43a0bf591514f51f1c9445d2e96
3025,e004b84c197805f582fb37035a2541a6aa28c0c60c2db6545d7f1f8f79160c67
3026,5a2970e30461029621905516b016f721bfecae22e9ffa936a500b39ff0dc69f3
3027,dd3c2146391a2388ef6edc33f8580c26171d5d0fbb8a4790bb7fd7def83626e7
3028,c157191e299db8e0152ef86f4c0e1d5dc0f1610540cd64aa610bf3344fe53af5
3029,463f2fe9dd46f20b83d287ee573bdf174aa08d68237bf95cf943c9284eaea3bd
3030,38f85c045623bd9930ebdd4a2d6aacac5759e8c285988aa4e701a3f6b8f07fd5
3031,2e8226b8bd1bf8ee1bd9bcd31700222a8574ff2940cf321bff3c3d1370d5264e
3032,5231ca148eb93aa352e5025a908b5042ce760c6c610a95cba132b93acb4326fe
3033,b6b45a8a3038fb3577a193549bf87064b9bacf47a7af72d46bb4995bacb0c92e
3034,0ef32d5bb8d3bc334268eea2bc1f64c090463a841ef58d5929b7cb8275d8e7cb
3035,7e9956a8b3a1fa407705e00617f10320bcc8c84f6f9301832af7d689124a687b
3036,0a6b1b0b60074dab416f8709177f5a35fab7945ef54a2e84345b60f476591409
3037,e25acc66bd274abeae24deaf05a04e7f4b1504c94a165a3d115e2f7ab84db9aa
3038,9790d6ff75966015562970ff0743a486693cdfddb076f90d481626eecf2e2eee
3039,95a0b9d351a44b7f0e40518eba15ece5b963e1c102375d63cf3388d85a020679
3040,4adfe6436a0526d4bb7a3740392b49d0b3c16158b4fae68ecfd558ee035b8f55
3041,6d326ce7f4609b9ccf2c3f8cd23e76f3bcedc564771e2773c64c783e14ec56af
3042,c2a61b265a9212fc3906daddceb1446c464e714c554cc6e88cf7198472b2a39c
3043,7530b27361fb802003f01d20f30727e581fcb69266411ac640c777d656721f80
3044,2a021c8d071b9e7815207c5d5f61d8e81502261c9e82ef5267c67b655c145b1a
3045,f89dd5354dff3afbd0a2c6c7479cca543cc4915ad19e6cb0ad72895335ebff03
3046,8f63bcae32276ce951e741f4bf7fae2675c65a76fa60f078360db5e0068f8dd8
3047,17925ffb1786259611515e4cd8869f4c85c3114ec295d025b0237a76b882ca9e
3048,3ce9c16c159b68ad149b78ad35df0b114dfac06dc608726c4e1b3820e934f40d
3049,d32cc4563690341bcc0705e94bbea7d1ea67f869f50c50628554f039636c55ed
3050,96c8c8f5f2745f9aeb43a7370fcbe7a11efe6410339ee90f36d78fa806237f2c
3051,c200c151717a5cbeab1d62d0e63e6264ab68bbb911d9e9655470f4d75ad87a47
3052,49cd4691a2dbf868985e55fa0c8c2e8a11318b89b89301eb42aab030d5c6c73d
3053,c114ceb759c440ff668da93bac06c366ec1035be8b8258a85771234d68da8a61
3054,826b10ba052046cba2efe0bdcad25764e0f9d956c0ff0a8819f49f434b9c615d
3055,4af30dc1f5527c4837ff99f7a85ebf2e613a6cd748858236b190104b7123d666
3056,2be9147bd05b88bf48dbc2ce7e4701ae798e86a646e97da64ef7ffcde9da528a
3057,854bbf123b728f2c9200988f12f7db6cd8fe4428734d8892064327843d419155
3058,1cceaf36e58ce8f911a603541701e5f83c939ca298518e9f665f77eeb819b628
3059,b28c3ab7daf3bab318fec866a5a7af220aadf19b4217d804e33851e9d417b6d5
3060,80f4b7e0af46be0e46ad499c46321f8ce18ebf0394fb5257e66f754877f01091
3061,a02080d1b3c27b5292850d722f9edfbf67de6d2912bb800684ece167a59f9fb8
3062,402c767b09e2fcd25e1fb1651b7f98c8fd6158e46cafe0f4fe59628c10f0213d
3063,b35f7089de4ebbe55b73d2a17f7f3b5ce2a41c13f1e5ff8997048ebfe6bb3f46
3064,047b6431d6d11d22b56e3a23410b559a5aecee9673fdbfa73c8f7cda0c4d04c2
3065,fe48feeacbe14129e69b2f97576b80542863f63f3d8797fda202df53087011ab
3066,778ae3b960afd32bddbb792e908312b59bd73d3339d922093b8103790253c547
3067,0c26df3fc9557a371362b73a96b0850da9e4ff10249ce6dde18c2158df9f40c7
3068,1227c339d1447bb2881bd4220f4916933032a5204efe0faa7f89be8a9c335955
3069,de3f41e823bda159208d180b23b2d41bdf9a5c9c014dabece4c49c28704cec8c
3070,faf182799fa42b95569c703969ec2fdab03469dc3b60abc50ca314b6539e9567
3071,a407599a34571b37ce063813702766a9b9dbd16671a1d6a5bf54397f081bc7bf
3072,615a8feeb95e6e35b575f4dc1b519828b4e516d44c61b53941830eeeee0314a5
3073,e4e54eb4c3b3b649fe3ee429bc8dc09eb86e90e02f3a7a651564e1fd9a7ffc15
3074,82000f31a4b944a9d6d794b27f7268cbaca71a6e6ea152f248536baea05f2e56
3075,9945178928945e402eb29deba947a794ffc23d6ecb587f9d92a6b8d247c24e49
3076,a97c805254c036817d1ccb723c329bacce2dbf46e322f678c223042ec4ae8bff
3077,ab5525a11297ce8b8353dbf537334ea1cffdbbf826b125c0ed8f3ab60daeb1e2
3078,fd88935ce0bceaccec3b33f2f5d50730e7a20d825cf3b03ef9ad9758cc7c7297
3079,e779b55d14abc6ad2d8a9e06f6351fc957b456fcf812f6c03d3ef1299fc26c1d
3080,0ce497864dce760c2a3e1010d6101aa87bd29b764128287496d5984672669a46
3081,612f7c967ec173e55825c6914278c54771aac95421768c1475f5055e28581049
3082,eae84be5621fe8473b29f0b1d5fa5cd82d63935df370f50e34dc134e3d3b8282
3083,3a12a25e385fc21363ce5bd2f66370759f2cd1c3b0ee58c6a2821c1842a1b6a7
3084,4bc3fe5e18698dc36f66bf8edd819fa3897f70664b0ef1c30d2ebc0e99036e32
3085,fb26ac40a935ec81b05caccce985acdc8aa5117b3c20b87e15793dc578dac0fd
3086,1b9c96281261488309a02fb1ac08bf62351333935442d3d3d65ab4caaad5f0b4
3087,596fe6b795dadcedc6afd11107534aae10e998186148c3c81fa9328aacc4b9c4
3088,032d169a8f9243ce0b15fb8d9c7301573e28e8cd5da6ca2ee4d1859c23bd59bc
3089,49e3df7e72fff15adb9c1602214038ae6cd45fa0c013489cddb983cc33b2a463
3090,6df2ae9632ff5a7f7b91b4770cc019010d0a9bf518dc66f3bf2f2cbb8eca27ff
3091,2390dcee029010d21e5b9e10cb4848c4c95c5289910db82fc3bec4c3047dda8f
3092,afb1ffc6c411f34a5af3e4b9ce91671fae47482e678bfbefd169510262fc4342
3093,ca7201ed28081a5aa8e3eb5dd89e42aa76e5b6ccd4e317506337ed8fba55efbb
3094,61a7b0e833a09f1fdd9466f5d1ed79375677777f89bc9b28ccfaf9521454d8e3
3095,1f390eaea78d8bf2146919d51181d582d3075f3294a460b9a0e25613e9a54626
3096,10252f66d50dbd758752ece145f395165d094a57054239c9ef4b18290481e030
3097,f55d5a4211418d7ff96618f1faa05c11fdcbc41a78142f2e02e70805ab279ed2
3098,9a483912b50da2f56ddb752d4c2c7306850f50b19786efd8ea937778dd37dcf0
3099,2c75272e7b9536b4882f034ed1dffeb239a5296810f49f4a6cb26a2ea0717bce
3100,16dca3c1b7f7410867d23cd35ad81cb5de0b5a3374216aa02f89de45a8d2893f
3101,76187941a1a46937575e414a1f00c37d9f42f400a64ba49b3cdda1183c55eaa4
3102,092698b31aa1a2309cbde5ee540222fca38c1ac8513d0554b5ac7e94442272e4
3103,12cec4efbda297809dac410906bb31294668d2f3cfc1ff144abaf9b31f73fc66
3104,07dfcb56f535793a485fed8ca0ed0bf1546788be210703daee847fab7b04c91c
3105,3c7051f25be0c4e8a586e992ec124cca6c4eb4a603f15e27f5271b7617815272
3106,82a053767675d039860ced623102d5cc3f17417980802735a4d3efd994c1fd97
3107,d0383bca943f3685d89f990b98db008d7ce9527a0a4a044e8c6b95e892a02dbf
3108,20b0aa36c0ef6c35957a798575d6aed52e6174f6b3bc6bf5d0b1d93780774bf7
3109,90a02b619ef126db6fa2744294993208fec509fcee8e7ab1e7e4e9e28ddbba9e
3110,2a0158b4f4ee5df52ce07805f73ee9a9232bad4316ee4d2f58593d97daed14f4
3111,23ca1224669f81f4bd42407bc59318f92c0ae61079816f1175a06b1a32387a08
3112,2510579bf39b995186baa86756873a06b7c5e9ca91b019d35898df5b3455fb50
3113,487bace215824bf21cd091db8734f7628022d76cbf905a2ea7a556473483d354
3114,1f76c80e378d61ecd1b7b0229d44f04edf860630c71c31eff9a32a9b2e1744f5
3115,3ac55d884e3f8aaaf971aaebb603482908e2f02f249b78bcfcc4e1cc0939be20
3116,f40f4091e636f18cba97cc2e66ce13246b0e2e8f7d615b3dbe429573301b4f4d
3117,644e26dcc4b13f884d63253da80fc230ba73d670e9d0b542f38ddf0f7f0c20c1
3118,453720aa11cc4ba2a3247fe401f35ae536c2d4779b740f23d251c7cef9c6065e
3119,a7da81f435aead9854c3ce7e8d548bfdc073d50302174f07f33c311d83bf9dc4
3120,bddd6b284f3100fbee7168cb10e69fb887667860a051dc0ecfd4a9a5c3262a9c
3121,00f5316d758b8bfb3539fc6dce52ffd3445912e10a0a942dd6996aa907caad94
3122,d202bcceaaf8228e53a8eea5a8253df8840409f8c90b549e2342a5bd1fda0dd5
3123,b7045b79ac90eb15d173a912ee38485cc29a296f4a57e8d14ff71caee326af2c
3124,8d387ffbb5e86e8ee4ac9a82de77f42a5e44342ac32a3aade20e2d88c26ecd76
3125,cb281fd62d249cc222b2914bb44e824717d4c3e2ad022468c8f5960e4454516a
3126,ee99abfb3e1f5013302e6e752f6c38fe924bd31e19c397f91232655910030811
3127,cf96ad5c9df39777f88dec8fa38af00cdbf390921419757c0a80954d5e679d89
3128,af9f0a9202e1c717dc6fb5c1e312595af0cf84ce66db0821dfceae45b7462d1d
3129,4a429977a91c78c1c61e87338a2af9459f56a44ef628d0c2734e7cc6bc860964
3130,17fe50b9328acce25c4247de646fabfa26b0b3168206d7cfd6c40117977e2d18
3131,7a33aaf3fbdc4d73f4b0c8aa6d3ea316022bc7366bbc51246bcda721d713644b
3132,f7b77e76dcc1b2a975ed9264188f084039197366af65705cdcf6c71ac7c7073b
3133,a7ca8c6a367ea9932b5766b956bc26399e2de8a4af3d63110d7f7598e7e7e98e
3134,4e7a7627127a80f4c416af0b02254b870e8699ff85bc270ee969d96d103105ac
3135,b0503057d7ef8d2158d257ea37fab1e4c1f29c5d328041d0aa59393eeb20fd64
3136,369973ef46914fa96599e05f71dd0c5cfed06eccb6a1bb4776fa96c0ca474a11
3137,31f968ad82e33b341e2b58d2145cb31a46270d564cac1fe5217756fdca605b0a
3138,95fca0d3bb78b148ba57965ffd650ab92a9e2816940c93740e0fa6fc66dce858
3139,fe14009addd54b3996eb7221de017fbf08c497dfbc56636bcb8235020c514d4b
3140,5006cfde14ddf684aee7d23362b44f2b567e369a3133f36c8d81343c3c64fbfb
3141,e8bde4828885c192bd2147a4d5d48fbca13951f057b605b5c967973a11475f69
3142,1a868cde9e50223ff45ee2b17112892e36e1dc32911aa56e9177ea3562477c5d
3143,9b32e44d34029ea8a07e35e29f2755281f6ce8399fcc35f8440784c05c97bf86
3144,466d0815f67e28392762e87902644b5949faf129e886663d4864aa08ea27cf16
3145,fd19b6e4bf359eb8ee55829341041cfe97d447ff9385ee9717c4d898bfeb72d4
3146,799ce319a5d845c63b87ec811d5e92799c3555957f30d4c47e53b860e733cf9e
3147,574a9347f304162d5f6acf1454d691e3a3f807dc40bd17b02c55d500c4d336eb
3148,4920bf11a27b7c2f719ef90e0fb324f35f754ae636ec07abe10057b201855722
3149,4e12152d3d3141cad873a0f94d81382a968bedb00fe3b95198f3bc2b4dd854d9
3150,52d8b66081fc5f6ba36b5792044dd0b29547f1612c22774acb8b5c8a44696705
3151,d07db1afcc527ae6d8217a4613864c88321062d2f3a23d8e09f2decd6bc29c7e
3152,ec7df211bceeb6c57a904419e206f2bff580a6d53d5ca8c129b5e1aea4053697
3153,d7af4b30fd55d93ca0ff0076eef054b1f99dc6ac959b73c497609f6c67237ec5
3154,4e33ae62a0c827f0d9df07fd070272c4fff3a6433bcac4885cc6c805a51c5671
3155,466ea06ebe659f18d42e47c3360ad3873b2bf73584af5a0449dbfef222fdaabc
3156,40288d337f1896414aef22bc5f0a39cdfac344dee48459f548b475f70c843460
3157,965a570737cb3e91314c1e9b25c80c85efd8876bb049e2f7f2c77ff6db1d564e
3158,f25b495ffcf428149613c4ea93e264c80140314034fe76fa2b772c6a1ffcc82c
3159,b5a43e73f9da708e28b42c08b46071492352bcc161378d10da370092e35c24bb
3160,d99f3ff76af2c1487545f4d262a5422d6598eea32cee9eb6327bbca86ca85a85
3161,e8ed46b753f56dca3d08a6f3cd1b481389bb7936400b8e5fbab01aa8a08f712b
3162,68178a052a4424d72e99025fad2a48a8700f0256b11fc79905bfafb732e72890
3163,98ed06738c5847484e70cf5b678cb616b17476bcdbf661ef2cbc07ad5d05b5f5
3164,bb5202574fac5b7f232f0b10898658a9c9f696e8d476513f983bdf1fdfe179ac
3165,f25316235b74262d1a8e1bcd52db55af7d9fe3dad314c5b993b50f228bea6be8
3166,914589879c507663cafd3b29ad6be55957891d54c85941e1488ad87a7614d8f2
3167,3d25b2de76358d65d34e979c570760b872c8a1f03954e427fd137851b0421927
3168,740296323412a9c87bbf306ef9452b4b40fc68354f0e3a3f038f7db2c60ad40a
3169,64d6b837dd9eff39f08102504ecb9f505531d4960a73749c7018b6f8a142e1de
3170,c6cad317aed2d001a35fced05806a717504057c7033b56804e9f7abd89469594
3171,8b3710d5adfe4d29e685db202f62b74c13a07cbc8932b52d46da70630b044f68
3172,758d274c54a1c3d519464157bb20c37f4fd55a9daad56364f1119a9b267f7afb
3173,c9bfe58d6fed4c17e5c28ba73a81251a040045090aa03f2bfd8a594acb95b360
3174,622f2da2651386d08c39e7d812d1025e83993a306f6f9b0a39f0d5b14294f49d
3175,291be0d0515d37d53ea07a94eef275464649d63f82c90109b2b61a3a9d28fe2c
3176,f39adbd0677027d677021d86f6cb4d5a13aa2bd9ad54a17c225189cc7ffdba8c
3177,fc171745f9a069f0ef112442b3953aacc5abc3845707e1531936c4c524f0be1c
3178,5b17f975787d24bbe8331493565de143dedc6991ddec65cbf38d83dd9332a767
3179,d960368cf9b993562ddfaaf95e2d28ff40b4935a5a3f163171e72dd69755518d
3180,42e409c4a3ab28fdb96174d07db6937db14a232d7dd100c504f05de821303c1f
3181,f70197ef54fb782763c37f629c5a59354054561e8ce5aa3a3132c8ed585fcdec
3182,7f8cc931ee95006e7f7943beb9c926fd57db7e03fa25301ff057478c3cfab4e4
3183,5852fb14d4c5efce33f443158db4ff83177f71a04fdc47d9bf417b9984c5a8b8
3184,680285e1916c26e4cdbb550cdaf555bc5fb93ce93bbdb3b364927d1ac5f19617
3185,9828bfa4a5a9034a66aff01e9b96f4d5185745cf879658bf76814032c0e28d25
3186,01b932ea65ea123a802d88478283c1d39fec5a075fccb29e3590d14ddc0b527f
3187,d82221ad3ad0ab00d76271aa235f38cf1391ba83604b1b37bd7249c5b534acf2
3188,c96c46d1865f67d332955915a50621ff96431e6213cb9626b777c36fbee4bf72
3189,a2996a264c3e8971293ea42ab3a8f69a52afed236832ccd400f1ef8ca1295305
3190,2193cf1d8774b19482979ac87e352c989e4d6e3bc17d1372ee63c288eedeb754
3191,fc59f66f930e250338e83cf5da02d412254f2b6f820d483e12bf2bddb1b0d896
3192,fd7c7560cbeba4251bc37c51716ece59e1b7b055627bf0af324461b43ae09c31
3193,16e204923b02cb4e9ae51baebededfc83624a439368b46d084dd687e3c5bbf06
3194,9a51b97b45cd2e0a9ed589651a05a170aa3aafcf6c973082229dec663c90ef0e
3195,61a17f36198b3a52456d7d616c9e1c3d2cdf4202f834a8d007ada5f4c564a532
3196,e86b1efefceaf23e5bfa326c2578f4f31f52149735e7fded161979951e20a8e4
3197,dd073286297ef12ea4ab080fae0ee04d513a999534033c244adc9996f99013c7
3198,01c6c75ddfe76928d9c72947cdd788e80e2d3ad9965e4d741c933200635357cf
3199,acc207da349ebe40d3f84af90f91594ffcad6b6b60582aa05aa6f1171f239870
3200,cfac03f29a981e05c8507f71cffa117da1caec47c1279beb763dac5ebdebd0ec
3201,ffdf81dbbe0f4e80fbb8e80d30b43a7a05f1ab4c4312908bf0ad567ff592e723
3202,e00ad6e2846ff788c6c9a6f6bf13617dcc05c9e2a83de8a897fcbaeb0604428d
3203,588d403acf267ad9bb3f7496b1a469360a3f0fcf9f57fb42886e5202979a4f67
3204,e4bd149436a8aab17f497914f4188082a4ba582c5f8947caf48edac52272a4c0
3205,33b647355d6302692b80d7b7a50b563d7efbf1f52197b7c36940f714435043bd
3206,6fb76c565771cf19f2c631898485eea4252e288b0f50167328e757d884d8b827
3207,95e00a87b8e981acc6a46dc0708451e63b846005330918db77d00568d5e1998d
3208,3faeaed5367c5b04bdb923134a2e28543222069d2217a00b54a93eb90f257f3c
3209,52e89c1d32fcb52e75e59e9dfd02bf8826a2e984ba1301be9041a0cbe2066797
3210,a3142b5c5965fd0334517a9a9bc1cf5fa833f1625e34929bbb0413cc042a7f51
3211,87007b5cb405a90dcadbd6844ba7acc64542c65879faa0864c863e0e4d8e0d72
3212,8fa749c391111776ad9588c7d7de8a5c3f5e340b1a63c8d400f4fba1f330719b
3213,e76bd9c0d29b13f7a27776957e26e6608ba7347d8582f0dc04efb324e79c1382
3214,98b3fd07e0a21e7d10f49ca69c6cc0263899a5b606232ccce1dba4e16732857c
3215,3db956cf1419e02aa88394d2d335d9bad06ccf82c69cf44bb21eeff8b08c1755
3216,241111349af044661597470c6702051c061352b1700082f52be6d6d5bc76da35
3217,5c73432e6f26b756b28281ba84da8c1f5727fb3021994c2245986428515e75cf
3218,e5f7f146cb0a6a693918eee9e4791afd170c2ba7e94cc387b618a180a7ac801a
3219,f5555cd96ef8418dd386300cedf796c0d29758141679cfc13f03d5e52a94efda
3220,92fbf446b694322c7b922f6bee710003c95ec05e0c80a111f42d278005057d39
3221,c764c429d48ec1170e73251091a1842ad525cfb1bb4a7ae8ba49301aeaa26c85
3222,6f43541cc2f9e62182dac05426eb5cafe4ed4b17d2f76bb1f9804dd38e72ad25
3223,a1559af43d06d8f89989fff0328b6c3b45e8f2de37b392b3552c248186c82acc
3224,db4bcd1d6d994719e5f7f273b068ce47594f7e8c84894a0c2de5c6164d6950fc
3225,81e4120fc86c63541d17953ad476dbaa3ed55562b5de5b6664fb7b5641fe4957
3226,9d0e53c35a656c4188cc4b2351291494e60d213e48b8d935d23e8746fb28f24d
3227,d9d1e780232db40e6be239939a95037dc49b90dbfc3c157cf89a400a4d203ac7
3228,d55f1f83adcd3a0218f33490956518162c888e5c1303e1602c1670e75a9dc747
3229,01ccb10edcc84af898bf33b6d319166ea6f65390430bd089f223546bb53e571b
3230,f995ffc57b762059745895681341b1dbd66db622a1ab1ad208a228f2eda1b299
3231,e0316dfd24276da4be75def5c43bb354211b82a5fd0cf6bf4195ce0ccb4f0f0e
3232,0c7aad77bfcbc7ee9d5afb7d814594fe82bb7ee9e21c11dfc5bd1b4a4d0cb70d
3233,2d50c8c00f9698cb554dccfb7250979f687d48f712fe25e4325cff764916f465
3234,425e1fef9246b45e07eec4e6df03916ef968b3e6a86ea0d8de74a3a4569fc501
3235,ee6bad59818cd65fac11b05328b54cf8ed162016d7d5731e9549c0a3fc86f67c
3236,9240920e0afc1b0515c6ab810db9a92b7a810a389c6c999408f3e4abca2ea85a
3237,5e21915daffac1e73bf69537eeab4988f5af4894b2ac3c6a003577aea63afa6c
3238,a77ecede521c16d6d9f32312eba8dd3e349d83a5277547ef58253776f7909527
3239,e6e60acd15cfcdee0853767c6de2d29f889fc8ba2ba8b071b090a18b8c43a734
3240,10765f011d3060059d58d784cf9307e3062890b18aaa19aac068c1bda191848c
3241,c8db6b97e7bfb5f6329abfcb57067a47501b66cd97c81ac0aced8b4215e98834
3242,efe37d6efd790732fbf0ed66c0cab5ceed549cc91b7f255373e04552d8e42f3f
3243,fc2105f0b9af615b3bd47b4f424a397eb285fd22667fb97e9ded0221ea4ef067
3244,ca1e08c03d5af506d30178398770b7be44f80aec07c9c8ddf9b81aab30dd509b
3245,6ae7e1c9ec26b52b078adb6afd7957232afb1335453c2605996456fb3600a191
3246,a23d64e4d7c838c7d56a132e51f9629679d9aca3057d79671c71f941d491dc56
3247,7c9e52d5088b7d8ca879a55863001eff303ff5b9fdda5a56c4ee37a1b35cd398
3248,742c87e2431ae8a8d1a180665c8fc0c771088d988b2af5e0aa561d04d584879a
3249,d4a5eee16746138b7f786dd700f43cb727e989569e4bc84b41ae7df790e00500
3250,66894114134038288791a87d41a2c1757323258361f3ddde3ed2fa646ac97b29
3251,d97a702a4c16218e97b82ef54f03e1009f6d48b46f39d708234b3c22d9524001
3252,978a9a81b4b79b705310773362e15f15313ddea966b9c204d8d2f21d8a2a8a51
3253,5c129aaba3a86f122d07b6e28a840cc0520ed475eaf4d9ff3a72873b1d361984
3254,873937415b8a8b415ef0ef531266c458943ade7ed1e42a9d06482f19f35526fd
3255,4968697be5f6e737fd842d397ac4f39bc1b82796c26fd1a84315b388764c5f8c
3256,acf9bf382534445eb4e4abeb7260b2ad00a3f306de1fec1e8e4c801ceb471c57
3257,41195ea92d9c11bc2397002298b26c9118bab509efd95695a4b42974138da8c6
3258,8cfcff04b4c4dd652b176a85ea3a139cb585bdfee5771b26e5a4f233c0bb8b00
3259,e5424964c68b9e1273f194f8d3fdf000a45ac09dd5a6c86155134fc4f59877c3
3260,1b57464ee5e1cef2162de259fba82583ab6da4f63f4ce5a829f4f751d2d16b24
3261,fcc80b6a77fe9c9652c85a8ba5eb98714d9c2abc73284ebd5d22490600e7ca82
3262,bb5027ed3be36db6d8c35cf01b21c69cf2042ad7cecffa1d9588398eb34742af
3263,3177441c98316aa6802b97a85d77611039bc0c6610b78314cc66cb7d1ee66cbc
3264,c3a2964a0ff3d45200f28f5ba44aafa2e69b0a2db2f021515d65120d3d2dc525
3265,1f08320fbcae4e59bb5811a63edb9783534da3e47f73d943413a7c32de714169
3266,9c525f4e32c55152b727ffd89d71b597ccdaefa0ebdb02e664bb09e618d10449
3267,fc844572ab360138202603ef795f928661850c027284214220fc847da32ec058
3268,32e78462d0802df5776e8112547f516c7363419eecbe08cc0a2a12ab73fc57db
3269,69bd62611721d29dbc1b0904bad7443f5c7613a321405dc9cfb18561b4ac3861
3270,986b9c6e14d3320b97c4d7196612f7d71401977bc7c8d02cc40df749a2f1a47d
3271,107171b8840907fe832578b35fd031772edca49befd01e839eafa0b8c1f2f1df
3272,5dd1f4099d52312b53176db460959c9094fb29500332c6b476e7134fb98b4f4a
3273,24e2a2c84bf96bc906ff23cffe6dc62606b16faf268bb209ff7181031ddbd376
3274,912194fa558d7107cc21076889a07282f7157b3dbaae7ce9c30fe5c6f6551d39
3275,1e028fd0db09cd82967d1255ac49b6360f246411104255384242863fe166ba25
3276,6410b8af3145c448528befb0a4cdeb41b5846109d6bc959b2cfad0fe4e6789e3
3277,05efe3b2b8015a37275d2518cc6552223767acc2aab7a998940ae1bcc92c14bf
3278,74cdd5fc16c89a3553e5fe52e611b6edcb735bd3f38f682e416ab873c16e7ac4
3279,d24d8bae98baa755cf9a3e21fe02e73dd2d7dba52723b60c5eb90e7dc8aa74e8
3280,cd7dbb58d620858906a1709584fe4816004ad910aac36b738cb332e8daf1251b
3281,3bbabb64feb3df1fb6a692dc953a315b8a4d3872a7eaf00434bb8449dfc78dd9
3282,ee2d4af8fde72b741db95d6c2a28c10471cd6cd4f5341a5f3c4844bb7aa52eaa
3283,2342628451c7b8a7b455b0b4e74d6dc135ffd1fdac5e8ea96a9058d7176ab66c
3284,2205b61fc6048b5a5c21f8c2c233e004a206eb247c9ab12085760089b8be6f18
3285,aa7e5970c3fca4fa6b948eb47fae08e95bbc8699fb6fc49022ea6a9d07ff4602
3286,446c6793b1db472ba050e0067dbccd7e18b058527456b8929f9a31918fadbd07
3287,3c5a8097bf7dd44af51af2c6893f2693229941815af5376dff3527adac86d6a5
3288,26d6d362e0548864c6b43caf090028633eeccefe7f4ca418eb049256248d1fc4
3289,76afff5c3d2d91644d0be7784cb700995a17802767d2f0f7f6eeb088e85c0bb6
3290,57604f28b0f7307af413cca0b7ad9950f6777f1f225f7327c1fd60c0690744b6
3291,e66cd1b1759231a5c22d12406fadf4e36ce0842daaa1b6200d71e8456e58be65
3292,36c2c9031386f868eee5de119aa24018a659acf4435d20cdbd0ccc6ef9446031
3293,6e814b59367284af9ce7067d194e7f4abba456b6bd3dbdd8144789bb0497e5b8
3294,c8b463f7b3bd79ce539f88b5783074d35d31ffad4571369c72fc614a4fd5e750
3295,ba0e6b172c8f471ea940398a38bd087feee78a2b9ea3693c9dbcc4689bfccb01
3296,5d4d3acc84431a0af9117c64cf25250a226d967936a14bd25e43180f3ba29da6
3297,6547e3d3b512f71ff38e7e5c3cee80326f6f89e6f764839c4ea9959fde4bda88
3298,c0c45ad74d3720b98bfd66a8f62608c53bab3041d6973a83747988fc498fb836
3299,d4fb1d5fe80114c025be3e4d41b74f6a06ede5a3c74836840593f43a0868028b
3300,72de164752d4571c94e06bf3462450b8943fb3c19edf23841c581f230b7d684b
3301,7577e991a919bf11c4b040e61680e225763ac3db7e30be6878063584305f2cd9
3302,692c51f83b1d62f8e21c84b1bb1a66bb922a4b354df0eaa9f5ef42a93a35e156
3303,d5bbf9bbb4f96316271bfdc4a059e82520fa380b4629916a08c547e3b86717f0
3304,6bd636b7bff3200c4d4ec827b19792ed16f94f775eb759d92de80c8bda4c1c37
3305,53a3f33753a0d7eef2c1d05a3cecad6446317a05e29b4e6af9bac01fdef210ee
3306,977a3f37bddc22db908661e7d741575cb1196d3a858aac52a9a532b3299836d4
3307,dded366bc0539c701c60ba383c178495e295539b536898ae7e57630dae2b45d4
3308,034cd97f535596fddd0572b6ce4fdec9196b4576c047b749f58233ad2ecea08a
3309,a32fcef755d483b315dad61b92041de348db2944263b93ffe388f3f2aa2ab535
3310,db4efa8dc2a8e51725eee8e8788fddef19afef36e544cc85a2a91232a70e9eda
3311,ad849a457c87d3f361f73b8c1a1d2605beb69de6ef87405f7c354fb3b4aeedf8
3312,734ee487f8be0da9eee17e50b2a6bd72a9c9a75077ca169744b4276c86546aca
3313,74db83fdaa7cfdd81b8402304334a9851401ba92b3e67fdda64feffbc6b73902
3314,4f5161d9e2684187f952afe75079b6673de4a9f69020047edda2304fb8f6a2f7
3315,95c1e29242753419c4c060c3e032d3e73dce2680cc8dc01281283c51e5bf1d30
3316,d6853b717886ae0eec1d957f8a7bb934c9b164bda515c9215eb3f002d8000bb7
3317,bcc1541c2fd39c1abb9bb35fb9289bc92478a976e854e164613b40775af87d00
3318,1a6deea3e635b476568bbdd41ba539f2f4de5f51494feb246eae5e36489d0dee
3319,5eb9bac858ee24647f5e68ab8b5e3ea417d6093b365ced870bd014cbb02f5a61
3320,1984061bca1b319d1088f6ae19aaa107f42410bb0544d35928d1334a1052ee03
3321,ea3396f06eb0790dc2795a09e83435a1796dddfd20e99a21ae8ef9d232e9119d
3322,f52a8394ceff42d885042b1f198e14a2bca5f190ecdc8d40a416dc8d7e3607b7
3323,5995d39297c7908f57d735feeaf5dd9b749d7a49ff22dec03aad9c63297cf9b2
3324,930f10ffa6bffc53dae86fb55962cf3e6a910a3135fa54263991953b3aa535eb
3325,97b8e095b9409efaf4b10782a6c249c4d861f8c8bcdb6e689c0b25a09b3e9a8c
3326,1282c946a32ee8a92f453324b0c49e205fc194142432138e24afbc4051fed47b
3327,5e7a3f108e705f84cd7ca480f7fa8b802e44ec1c0b9efad1e2acc1d74c740ce7
3328,9d96c02108d09a646f9a8e761c419e657842c96826e40a7a4ebde4c4748b0e06
3329,57541f1376beeb1486f0f2a5631667ae033f4adf2f0d4b7cfe7acd79977ceb49
3330,de3ceb7505ebe51d94b4a0d14a4409a9006ef190a7950a67a4cc8d46087879a4
3331,dde5f94f8186b0bf82e6091398aebfc4a2c1234050ecbfdc4fd223b7857216a5
3332,b8f93a431336c46e1b5a82d1f196891e3432f9a9445b89c7e9e2c93d4291d365
3333,8ea3464b3628f19bea7dd3330d41e57c9794161b8528e241a87a0e25cfff4f04
